sgRNA_20bp,Start,End,Strand,Efficiency,GC_Content,OffTarget_Mismatches
CACACCACTGCACTCTAGCC,9030,9050,+,0.11502432823181152,0.6,NA
TAAGCAAGCAGGACAAGAAG,13847,13867,+,0.10974942147731781,0.45,NA
GGGCAACAGAGTGAGACTCC,4566,4586,-,0.1089978963136673,0.6,NA
CTGAGTAGCTGGGATTACAG,14527,14547,-,0.10634620487689972,0.5,NA
GAGGTCAGGAGTTCAAGACC,16013,16033,-,0.10612200200557709,0.55,NA
GAGGCAGAATTGCTTGAACC,4331,4351,+,0.10435879975557327,0.5,NA
GTCAGGAGATCGAGACCATC,25305,25325,+,0.1041034609079361,0.55,NA
ATAGCAGGGTTGCAGGTTAC,7097,7117,+,0.10409291088581085,0.5,NA
GAGCCCAGGAGTTCAAGACC,11917,11937,-,0.10372698307037354,0.6,NA
CTTCATCCACGTGTATTCCT,11807,11827,+,0.10344675928354263,0.45,NA
TAAAGCAGGAGGATAACTTG,21665,21685,+,0.10278211534023285,0.4,NA
TCACCCACTGCTCTCTTGGA,19854,19874,-,0.10181970149278641,0.55,NA
CCAGTTGATTAGCAGAGAAG,9997,10017,-,0.10114436596632004,0.45,NA
AGTACAAAGTCTGAGACTTC,20978,20998,+,0.10094086825847626,0.4,NA
CAAGGCAGGAGAATTGCTTC,23000,23020,+,0.10089600086212158,0.5,NA
CACACCATTGCACTCCAGCC,22905,22925,+,0.10074292868375778,0.6,NA
CCTGGCCTGTTGACTGAATA,7701,7721,-,0.10031745582818985,0.5,NA
GGGCAACATAGTCAGACTGG,4767,4787,-,0.1002134308218956,0.55,NA
CTCACCATTACACTCCAGCC,17582,17602,+,0.10000932216644287,0.55,NA
ATAAATACTGGATTTGGGCC,25222,25242,+,0.099696084856987,0.4,NA
ATGGCAGACATGTTCCCTAC,21154,21174,-,0.09916616231203079,0.5,NA
GACCTCTCTCTAGATAGATA,23054,23074,-,0.09874051064252853,0.4,NA
GTCCTTGCCTCTGTAGACAG,20234,20254,-,0.09852665662765503,0.55,NA
CACACCATTGCACTCCAGCC,4545,4565,+,0.09840691834688187,0.6,NA
ATCACCTGAAGTAAGGAGTT,10370,10390,-,0.0973958745598793,0.4,NA
TGTAGTCCTAGCTACTCAGC,8091,8111,+,0.09731097519397736,0.5,NA
AAGAATCACTTGAACCCAGG,24811,24831,+,0.09690581262111664,0.45,NA
TTGTCCTTCCTGGAGCGATC,678,698,-,0.09485133737325668,0.55,NA
ATAGTCCCAGCTACTCGGGA,5196,5216,-,0.09471476078033447,0.55,NA
AGCACTTTGGGAGACCGAGG,25270,25290,+,0.0946749895811081,0.6,NA
TGGCCTCCTAAAGTACTGGG,21988,22008,-,0.09436304867267609,0.55,NA
CAGGATTTCACTGTGTCGCC,22331,22351,+,0.09419530630111694,0.55,NA
GGTAGCTGAATGAATTGAAG,19688,19708,-,0.09417567402124405,0.4,NA
CTAATCCCAGCACTTTGGGA,25262,25282,-,0.09352421760559082,0.5,NA
AAGCACTGAGACTACAGGAG,24249,24269,-,0.09341175109148026,0.5,NA
CTGAATACAGCCAGAGTTTC,17240,17260,+,0.09320272505283356,0.45,NA
GTCCCAAAGTTGAATATTCC,11712,11732,-,0.0930786281824112,0.4,NA
AGCACTTTGGGAGGCCAAGG,8362,8382,+,0.09295476973056793,0.6,NA
ACAGCCACCTGAAGTCCAAA,17852,17872,-,0.09281356632709503,0.5,NA
GGTTGTAGCTAACTAACTTC,14151,14171,-,0.09279044717550278,0.4,NA
GAGGTCAGGAGTTCAACACC,5977,5997,-,0.09271805733442307,0.55,NA
GAAATCCCAGCTACTCGGGA,4468,4488,-,0.09213028103113174,0.55,NA
TGCACCATTGCACTCCAGCC,6147,6167,+,0.09163805842399597,0.6,NA
AGCTACTCAGCAGGCTGAGG,8100,8120,-,0.09162938594818115,0.6,NA
ACTTGAAACGTGTTCAGAGC,15738,15758,-,0.09162637591362,0.45,NA
ACGACGAGGACACTTGGACC,20470,20490,-,0.09148745983839035,0.6,NA
AGCACTGCCCAACAACACCA,13936,13956,-,0.09075774252414703,0.55,NA
GTAATCCCAGCACTTTAGGA,7958,7978,-,0.09023261070251465,0.45,NA
TGTAGTCCTAGCTATTCAGG,23348,23368,+,0.08983065187931061,0.45,NA
CATTCTTGCCTCAGTGTATC,17111,17131,-,0.08980432152748108,0.45,NA
ATAACCACATTCTTGCCTCA,17104,17124,-,0.08978190273046494,0.4,NA
TGCGCCATTGCACTCTAGCC,21415,21435,+,0.08965671062469482,0.6,NA
ATAATCCCAGCTACTGGGAA,22828,22848,-,0.08952516317367554,0.45,NA
GAAGGCAGAGGTTGCAGTGA,9490,9510,-,0.08952177315950394,0.55,NA
ACCTGGAGCTGGAGCTTAGG,13577,13597,-,0.08949791640043259,0.6,NA
TCCAGTCAAGCAGGTACTCA,21087,21107,-,0.08948253095149994,0.5,NA
ACCCAGCAGGCAAACTAGAG,20195,20215,-,0.08945927023887634,0.55,NA
GTAGCTAGGACCACAGGCAT,14852,14872,-,0.08906823396682739,0.55,NA
CTCACCAAGGATTACGGGAT,19438,19458,-,0.08900576829910278,0.5,NA
CAGCCTCTTGAATACCTGGA,24105,24125,-,0.08897893130779266,0.5,NA
TGAGATTAAAGAAGCCGAGA,10069,10089,+,0.08889715373516083,0.4,NA
GAGAATCACTTGAACCCAGG,6265,6285,+,0.08883495628833771,0.5,NA
AGCACTTTGGGAAGCCGAGA,5486,5506,+,0.08848243206739426,0.55,NA
CTCAGCACTTTGGTACGCTG,3565,3585,+,0.08845503628253937,0.55,NA
AGCACTTTGGGAGGCCTAGG,5064,5084,+,0.08801460266113281,0.6,NA
CTGCCTCCCAAAGCACTGAG,24239,24259,-,0.08767673373222351,0.6,NA
CTCACTCATGTGATGTCATC,17809,17829,-,0.08756731450557709,0.45,NA
GAAGGAGAATGGCGTGAACC,13074,13094,+,0.08721673488616943,0.55,NA
CCAGCACACAGCACATTGGG,21641,21661,+,0.08718786388635635,0.6,NA
TCTCTCTCTCTCTCTTTAGG,25513,25533,-,0.08680371195077896,0.45,NA
ATACCTCTTTCTGGTTAGAG,24345,24365,+,0.08672427386045456,0.4,NA
TTTGGAAGGCCTAGTTCAGC,7499,7519,-,0.0864928811788559,0.5,NA
AGCACTTTGGGAGGCTGAGG,23223,23243,+,0.0863076001405716,0.6,NA
AGGAATGGCACACACAAAGA,24956,24976,+,0.08605775237083435,0.45,NA
TGGGACTGCTTTATACATTC,2675,2695,+,0.08571511507034302,0.4,NA
CATCCTGCCTTCATGGTCAA,17011,17031,+,0.08457568287849426,0.5,NA
ATAGTCCCAGCCACTTAGGA,12012,12032,-,0.08406300842761993,0.5,NA
ACTCAGGAAGTTGAGGCAAG,8965,8985,+,0.0838218480348587,0.5,NA
ATGGAAACTGTGAGTGGATC,11017,11037,-,0.08380647003650665,0.45,NA
TACTGCAGCCTTTGCCTCCC,18775,18795,+,0.08354832231998444,0.6,NA
ACCAGGGCAGCTACGGTTTC,11485,11505,-,0.08351271599531174,0.6,NA
GCCTCAAAGACAATGGCTCC,14130,14150,+,0.08314882963895798,0.55,NA
CACGAGTAGCTGGGATTACT,3259,3279,-,0.08313889056444168,0.5,NA
CAAGGCAGGTGGATCACCTG,25534,25554,+,0.08302228152751923,0.6,NA
TGGCACACACAAAGAAGGAA,24961,24981,+,0.08297474682331085,0.45,NA
AGTTCAGCCTGGCACATTTG,7511,7531,-,0.08285656571388245,0.5,NA
AGGCGGGCGGATTACTTGAG,1850,1870,-,0.08266010135412216,0.6,NA
GAGGCGGAGATTGCAATCAG,16584,16604,-,0.08227871358394623,0.55,NA
AGCAAACTAGGGAAAGGAAA,4935,4955,-,0.08220857381820679,0.4,NA
ATAGTCAGACTGGTCTTTAC,4774,4794,+,0.08207082748413086,0.4,NA
TAGGCAGAGGAGTGGAGCTT,405,425,+,0.0817645713686943,0.55,NA
GCGCACAGAGGAAGAGAATC,13772,13792,-,0.08174273371696472,0.55,NA
GCCTCTTGCAGCAGCATTTC,867,887,+,0.08169779181480408,0.55,NA
GCCTGACCAACATGGAGAAA,17430,17450,-,0.08162756264209747,0.5,NA
AAAGCGTACTTCTTTGCACA,446,466,-,0.08139296621084213,0.4,NA
CAGCCTTCCGGACATTAGGT,2477,2497,-,0.0809980109333992,0.55,NA
GAGCAGCTCACTATTCACCC,903,923,-,0.08095096796751022,0.55,NA
GGGCAACAGAGCAAGACTCC,21436,21456,-,0.08093340694904327,0.6,NA
GTAATCCCAGCTACTCGGGA,10469,10489,-,0.0806254968047142,0.55,NA
ATTTCCTCATGGCTTCAGTC,21231,21251,-,0.08059658855199814,0.45,NA
AAGGATAAATAGGCCAGTCG,4004,4024,+,0.08039357513189316,0.45,NA
GTGCACACAGCAAGTGCACA,1617,1637,-,0.08031007647514343,0.55,NA
CTGCTCTCTTGGAGCCAGTG,19861,19881,-,0.08015519380569458,0.6,NA
TGCCCAGCCCAAAGTTGGTT,22433,22453,-,0.0797155350446701,0.55,NA
TTTAGCAAGGCTGAGCCTCC,19470,19490,+,0.07971405982971191,0.55,NA
CAGCATGGTTGCATGAAAGG,15871,15891,+,0.07940411567687988,0.5,NA
CATATAGAATGGAATCAGGC,1793,1813,+,0.07928453385829926,0.4,NA
AACCCAGGGACGAGTGTGGA,17144,17164,-,0.07920678704977036,0.6,NA
GTTACTCAGGAGGCTGAGGC,3703,3723,-,0.07919527590274811,0.6,NA
CCAGTCAAGCAGGTACTCAT,21088,21108,+,0.0789799913764,0.5,NA
CAATCCCAGCACTCTCAAAG,11874,11894,+,0.07881894707679749,0.5,NA
CTAATCCCAGCTACTCAGGA,6607,6627,-,0.0787760317325592,0.5,NA
AGTGCCACTGTACTCCAGCC,8166,8186,+,0.07858434319496155,0.6,NA
GCAATCCCAGCACTCTCAAA,11873,11893,-,0.07849381864070892,0.5,NA
GCAGGCTGAACGTCGTGAAG,1362,1382,+,0.07846653461456299,0.6,NA
AGGATCTCACTATGTTGCCC,3319,3339,+,0.07830282300710678,0.5,NA
ACTAGCAAGGTATGGGAGTT,2442,2462,-,0.07823026180267334,0.45,NA
AGCAATGGATGATTTGATGC,11291,11311,-,0.07805564999580383,0.4,NA
CAAGCAGTCACAGCACATGA,12423,12443,+,0.07795245200395584,0.5,NA
GTGCACAGGAAGATGAGTTT,1630,1650,+,0.07777275145053864,0.45,NA
AAATCGAGGTGGCATTTACA,1587,1607,-,0.07771559804677963,0.4,NA
GAAGTAAGGAGTTCGAGACC,10377,10397,-,0.07768433541059494,0.5,NA
CACTAACAATCACACAGTTC,7783,7803,-,0.0773521140217781,0.4,NA
GCTATTCAGGAGGCTGAGAC,23358,23378,+,0.07724301517009735,0.55,NA
CACTGAGTAGCTGGGATTAC,14525,14545,+,0.07717905193567276,0.5,NA
TGCACCACTGTACCCTAGCT,9204,9224,+,0.07707250118255615,0.55,NA
CAGAAGAATTGCTTGAACCC,6909,6929,+,0.07707083970308304,0.45,NA
GCACAAGAATCCCTTGAACC,3721,3741,+,0.07706673443317413,0.5,NA
TCTCTTAGCTCGCGGTTGTT,1493,1513,-,0.07695309072732925,0.5,NA
AGATAGCGATGGTGAGCAGC,12483,12503,+,0.07689035683870316,0.55,NA
GTCTGTAGACCTGTGTCCCT,7635,7655,-,0.07683572918176651,0.55,NA
TGCACTCTAGCCTGGGTGAC,9038,9058,+,0.07683095335960388,0.6,NA
GACTTCCATTTGCTTTGTCC,18058,18078,+,0.07679388672113419,0.45,NA
GTAATCTCAGCACTTTGGTA,3560,3580,-,0.07678037881851196,0.4,NA
GATACAGATGCTACTTGACT,14273,14293,-,0.07662396132946014,0.4,NA
CTGGTCGTGTTCAAGTTCCC,21061,21081,-,0.07626999169588089,0.55,NA
CCTAGCAAACTAGGGAAAGG,4932,4952,-,0.0761931836605072,0.5,NA
CAAAGCATTGGTCAGGGAAA,17774,17794,+,0.07618832588195801,0.45,NA
TCCGAACTCAAAGTTGAACG,383,403,-,0.07602646946907043,0.45,NA
TTGCACTCAGCCTGGGTGAC,23869,23889,+,0.07577018439769745,0.6,NA
TTGCACTCAGCCTGGGTGAC,23869,23889,-,0.07577018439769745,0.6,NA
GGGCAACAGAGTGAGACCCT,3792,3812,-,0.07550852000713348,0.6,NA
TCCTCTTCCTACAGTACTCC,12296,12316,-,0.07537516951560974,0.5,NA
AGTTTGATAACAGGGCGTCC,4963,4983,-,0.07534120976924896,0.5,NA
TTATCAGATCCATGTGTCGT,2709,2729,-,0.07531891763210297,0.4,NA
AGCACTTTGGGAGTCGGAGG,8825,8845,+,0.07515397667884827,0.6,NA
CCTCCCGGATTCAAGCGATT,24076,24096,-,0.07514997571706772,0.55,NA
TCCTCAAAGAAGTGCATGGC,10699,10719,+,0.07514753937721252,0.5,NA
GTAATCCCAGCTACTTGGGA,6070,6090,-,0.07507164776325226,0.5,NA
CCACCCTTTCAATCCCAACC,20542,20562,-,0.07500611990690231,0.55,NA
GGCACATTTGTATCCTGGCC,7521,7541,-,0.07499862462282181,0.55,NA
CTTACCGATTTCTTCCATAC,13444,13464,-,0.07495371252298355,0.4,NA
GAGGTCAGGAGTTCGAAACC,8859,8879,-,0.07493309676647186,0.55,NA
GTGCTTTCCAGCCTGGGCAA,24864,24884,-,0.07477317750453949,0.6,NA
AGTGGGATTGAGACTTTGGG,7658,7678,-,0.0747515857219696,0.5,NA
GGCTAGAGTACAATGGCACA,3184,3204,-,0.07467725872993469,0.5,NA
GTAATCCCAGCACTTTGGGA,8354,8374,-,0.07445181161165237,0.5,NA
GTAATCCCAGCACTTTGGGA,12911,12931,-,0.07445181161165237,0.5,NA
CCATCCACTACAACTACATG,13275,13295,-,0.0743924230337143,0.45,NA
CAAGGCGAGTGGATCACCTG,17390,17410,+,0.0743904858827591,0.6,NA
TCAAAGCATTGGTCAGGGAA,17773,17793,-,0.07433070987462997,0.45,NA
GAGGTCGGGAGTTCAAGACC,8000,8020,-,0.07432425022125244,0.6,NA
CATAGCTCATTATACCCTCC,14797,14817,+,0.07431701570749283,0.45,NA
CTTCACCCTTTGGCTTCCTG,11643,11663,-,0.07420379668474197,0.55,NA
CACCATCATCACACTGGAAG,13339,13359,-,0.07409054040908813,0.5,NA
TGTTAACAGGAGGTGGGAGC,10294,10314,+,0.07374266535043716,0.55,NA
TGTTAACAGGAGGTGGGAGC,10294,10314,-,0.07374266535043716,0.55,NA
CTAGCTCGCTAGTGGGTTGC,12186,12206,+,0.07363719493150711,0.6,NA
GATCACCTGAGGTCTGGAGT,5822,5842,+,0.07359117269515991,0.55,NA
GAGAATCGCTTGAACCCAGG,21368,21388,+,0.07357978820800781,0.55,NA
GAGAATCGCTTGAACCCAGG,4499,4519,+,0.07357978820800781,0.55,NA
GGCTGACAATAGTGAAATCC,22758,22778,-,0.07349558919668198,0.45,NA
AAGAAAGAACATGGCGGGCC,9267,9287,+,0.07347000390291214,0.55,NA
GGGCGATAGAGTGAGACTCC,16202,16222,-,0.07328197360038757,0.6,NA
GGGTAACATGATGAAACCTC,11942,11962,-,0.07317724823951721,0.45,NA
GGAAACCTATGGCAGACATG,21146,21166,-,0.07301560789346695,0.5,NA
TCTAATCCCAGCTACTCAGG,6606,6626,+,0.07295973598957062,0.5,NA
GTAATCCCAGCACTTTGGGA,24647,24667,-,0.07286152243614197,0.5,NA
AGGCAGAGGAGTGGAGCTTT,406,426,-,0.07277632504701614,0.55,NA
CTTTCTGGTTAGAGTGGATG,24351,24371,-,0.0726948156952858,0.45,NA
CCAGCCTTCCTGACCTCAAG,20071,20091,-,0.07266410440206528,0.6,NA
GCACCTATAATCCCAGCTAC,22822,22842,+,0.07265205681324005,0.5,NA
TGAACGCCTAGGCAGAGGAG,397,417,+,0.07255429029464722,0.6,NA
AGAGTCTCACTATGTTGCCC,14917,14937,+,0.07251311093568802,0.5,NA
GCAAGAGGATCGCTTGAATC,8980,9000,+,0.0724760890007019,0.5,NA
AGCCTGTCAGCTCATCAACC,19987,20007,+,0.07235917448997498,0.55,NA
GGGCGACAGAGCAAGACTTC,4402,4422,-,0.07228674739599228,0.6,NA
TACTCAGCCCTGCCATGCAC,17268,17288,+,0.07224836945533752,0.6,NA
GAGAATTGCTTGAATCCGAA,23380,23400,+,0.07218341529369354,0.4,NA
CCTTCTGGGTTCAAGCGATT,14491,14511,-,0.07209672033786774,0.5,NA
GATAATCTGGCCGGGTGTGG,23183,23203,+,0.07209465652704239,0.6,NA
GAGGTCAGGAGTTCAAGACA,25553,25573,-,0.07193178683519363,0.5,NA
AGCACTTTGGGAGGCCAAGG,23538,23558,+,0.07192656397819519,0.6,NA
CCCAGCACTTTAGGAGGCCA,7963,7983,+,0.07165072858333588,0.6,NA
GTTCCAGACGCAGGCTGAAC,1353,1373,-,0.07161794602870941,0.6,NA
TTTCACCCTCCCAAGTAGCT,15545,15565,+,0.07145145535469055,0.5,NA
AGCACTTTAGGAGGCCAAGG,7966,7986,+,0.07127232104539871,0.55,NA
TGGAGGAGCCGCAGTCAGAT,10953,10973,-,0.07112879306077957,0.6,NA
CTAGCAGCCTCACGAGTAGC,3249,3269,+,0.07110168039798737,0.6,NA
CTAGCAGCCTCACGAGTAGC,3249,3269,-,0.07110168039798737,0.6,NA
GACCAATGTGGTGAAACGCC,4240,4260,-,0.07106881588697433,0.55,NA
ACTCTGCAGATCTCAAGTAA,20491,20511,-,0.0710318386554718,0.4,NA
CTCATCTTCTTGGGAGGCTG,20840,20860,+,0.07081878185272217,0.55,NA
ATAATCCCAGCACTTTGGGA,5788,5808,-,0.07077142596244812,0.45,NA
TCCTCTTACTTGGCAGAGGG,967,987,+,0.07060900330543518,0.55,NA
CGAACTCCTGACCTCAGGTG,22361,22381,-,0.07048482447862625,0.6,NA
CTGTCCTTGCCTCTGTAGAC,20232,20252,+,0.07043042778968811,0.55,NA
TTGGCCTGGTGCAGTAGCTC,4674,4694,+,0.07034125924110413,0.6,NA
CAGGAGGATAACTTGAGGCC,21670,21690,+,0.07017412781715393,0.55,NA
AAGTGCTGTGATTACAAGCG,22403,22423,-,0.07016299664974213,0.45,NA
CAGGAAGATCTCTTGAGCCC,4728,4748,+,0.07013586908578873,0.55,NA
CACAGAGTACTAGGTAGGCC,7918,7938,+,0.07005331665277481,0.55,NA
GAGGTCAGGAGTGGAGACCA,22734,22754,-,0.07003116607666016,0.6,NA
GCAGCCACTGTTAAGATTCT,7388,7408,-,0.06990527361631393,0.45,NA
TATAGTCCCAGCCACTTAGG,12011,12031,+,0.06975315511226654,0.5,NA
GCAGTCACAGCACATGACGG,12426,12446,+,0.06973767280578613,0.6,NA
ACAGTCTCGCTCTGTTACTC,21761,21781,+,0.06967361271381378,0.5,NA
CCAGCCAAAGAAGAAACCAC,13966,13986,+,0.06957408785820007,0.5,NA
AACCCTTCTTTGTGAGCTGA,20634,20654,-,0.06953199952840805,0.45,NA
TGTAATCTTGGCACTTTAGG,10334,10354,+,0.06942214071750641,0.4,NA
GCTACTCAGGAAGTTGAGGC,8962,8982,-,0.06941845268011093,0.55,NA
GGGAAGGTCCTGCTCTGAAA,7560,7580,-,0.069414421916008,0.55,NA
TGTGCTCAAGACTGGCGCTA,22,42,-,0.06940799951553345,0.55,NA
GATGTTCCGAGAGCTGAATG,16854,16874,+,0.06929902732372284,0.5,NA
GGTAGGAGGCGGAACTCGAA,1452,1472,-,0.06914576143026352,0.6,NA
CTGGATGGAGAATATTTCAC,13985,14005,-,0.06913783401250839,0.4,NA
GAGGGAAAGAAGTGTGCAGA,1160,1180,+,0.06913325935602188,0.5,NA
TTCTCATCCTGCCTTCATGG,17007,17027,-,0.0689648687839508,0.5,NA
TCATCACACACAGTTACCAT,20424,20444,-,0.06883161514997482,0.4,NA
GTAATCCCAGCACTTTGGGA,4039,4059,-,0.0687166303396225,0.5,NA
GTAATCCCAGCACTTTGGGA,23215,23235,-,0.0687166303396225,0.5,NA
AGGTGACAGAGAGAGACTCC,10567,10587,-,0.06864818930625916,0.55,NA
TACTGGATTTGGGCCAGGCA,25227,25247,+,0.06864583492279053,0.55,NA
ATCCTGAGTAGTGGTAATCT,13698,13718,-,0.06863954663276672,0.4,NA
GAATGAGGCCTTGGAACTCA,16869,16889,+,0.06863723695278168,0.5,NA
TCATCACACTGGAAGACTCC,13344,13364,+,0.06862739473581314,0.5,NA
TCATCACACTGGAAGACTCC,13344,13364,-,0.06862739473581314,0.5,NA
AGCTATTCAGGAGGCTGAGA,23357,23377,-,0.06857458502054214,0.5,NA
TCCACCTCTCATCACATCCC,13473,13493,-,0.06835520267486572,0.55,NA
TCCACCTCTCATCACATCCC,13473,13493,+,0.06835520267486572,0.55,NA
ACACATATCCTCCCATATAG,7233,7253,-,0.06831707060337067,0.4,NA
CATCTTGGGCCTGTGTTATC,13230,13250,-,0.06821583956480026,0.5,NA
GATAACAGGGCGTCCACAGT,4968,4988,+,0.0681881308555603,0.55,NA
GCTGGATTGAGAATTACAGC,20660,20680,+,0.06812932342290878,0.45,NA
GTAGTCCCAGCTACTCGGGA,13047,13067,-,0.06811666488647461,0.6,NA
GTAATCCCAGCTACTTGGGA,23785,23805,-,0.0681082233786583,0.5,NA
GTAATCCCAGCACTTTGGGA,8817,8837,-,0.06796296685934067,0.5,NA
CTTGGTGACTTCTTTCCCTC,21042,21062,+,0.06792157143354416,0.5,NA
GTCAGGAGTTCAAGACAGCC,25556,25576,+,0.06777748465538025,0.55,NA
AGCCTACTTGAAACGTGTTC,15733,15753,-,0.06774935126304626,0.45,NA
TCCTGGAGCGATCTTTCCAG,685,705,-,0.06756233423948288,0.55,NA
CAACTTCCGGACCTTTGTCC,664,684,-,0.06746795773506165,0.55,NA
GTAGTCCCAGCTACTCAGGA,6234,6254,-,0.06745836138725281,0.55,NA
AAAGCCTTTGAAAGCTTGTC,9604,9624,+,0.06745393574237823,0.4,NA
TTGCACTCCAGCCTGGGCAA,20919,20939,-,0.06740192323923111,0.6,NA
TTGCACGGTCAGTTGCCCTG,11546,11566,+,0.06739344447851181,0.6,NA
CAAATCTCCCAATTTCCTCA,21220,21240,+,0.06739125400781631,0.4,NA
ATTCCTCACTGATTGCTCTT,12553,12573,+,0.06738436222076416,0.4,NA
GGCCAACATAGCGAAATCCC,25577,25597,-,0.06736437231302261,0.55,NA
GAGGTCAGGAGTTTGAGACC,6792,6812,-,0.06727102398872375,0.55,NA
GACATTAGGTATTGTCAGTC,2487,2507,-,0.06706853955984116,0.4,NA
CTTGGCACTTTAGGAGGCTG,10340,10360,+,0.06692007184028625,0.55,NA
GCACTTTCCTCAACTCTACA,7886,7906,-,0.0663881003856659,0.45,NA
GGGCAACAACAGTGAAGCTC,20933,20953,-,0.06631555408239365,0.55,NA
AAGAAATGGAGCCGTGTATC,10200,10220,+,0.06629142165184021,0.45,NA
ATGTCTCACGCCTATAATCC,5775,5795,-,0.06623105704784393,0.45,NA
CTCTGGTCCTACTTGGTGAC,21031,21051,-,0.06610972434282303,0.55,NA
TAGCCTCCCAAGTAGCTGGG,22259,22279,-,0.06608057767152786,0.6,NA
CCTCCTCTGTTGCTGCAGAT,16813,16833,-,0.06602247059345245,0.55,NA
TCCCAAGCAATGGATGATTT,11286,11306,-,0.06600329279899597,0.4,NA
GTAATCCCAGCACACAGCAC,21635,21655,-,0.0659758523106575,0.55,NA
GTAATCCCAGCACTTTGGGA,5935,5955,-,0.06594131886959076,0.5,NA
GTAATCCCAGCTACTCGGGA,21337,21357,-,0.06586682796478271,0.55,NA
GTAATCCCAGCTACTTGGGA,6881,6901,-,0.06578971445560455,0.5,NA
GTAATCCCAGCTACTTGGGA,16105,16125,-,0.06566151231527328,0.5,NA
TTGCACTCCAGCCTGGACGA,8572,8592,-,0.06563233584165573,0.6,NA
GTAATCTTGGCACTTTAGGA,10335,10355,-,0.06560800969600677,0.4,NA
TCACTGATTGCTCTTAGGTC,12558,12578,+,0.06551644951105118,0.45,NA
GTAATCCCAGCATTTCGGGA,15971,15991,-,0.06546695530414581,0.5,NA
TGCCTCTTTCCTAGCACTGC,13924,13944,-,0.06545577943325043,0.55,NA
TGTAATCCCAGCACTTTAGG,7957,7977,+,0.06536813825368881,0.45,NA
CAAGGGTGGTTGGGAGTAGA,13609,13629,+,0.06532005965709686,0.55,NA
GTAATCCCAGCTACTCGGGA,8488,8508,-,0.06518402695655823,0.55,NA
TAGCCAGGGTCCCAGGAAAG,19592,19612,+,0.06514908373355865,0.6,NA
GTATCCTGGCCCACTGATGC,7530,7550,+,0.06511218845844269,0.6,NA
AGGCAGGCAGATCACCTGAG,11900,11920,-,0.06495358049869537,0.6,NA
TGTAATGCCAGTTACTCAGG,3693,3713,+,0.06489364802837372,0.45,NA
CCCAAAGCACTGAGACTACA,24245,24265,-,0.06483885645866394,0.5,NA
TGTGATCTGCCTGCCTTGGC,14653,14673,-,0.06469842791557312,0.6,NA
AGCCACTTAGGAGGCTGAGG,12020,12040,+,0.06469690054655075,0.6,NA
GATAAACTCGTCGTAAGTTG,14312,14332,-,0.06468141078948975,0.4,NA
AGCATCTTGCTCTGTTGCCC,14754,14774,+,0.06461753696203232,0.55,NA
GTAATCCCAGCTACTCAGGA,8953,8973,-,0.06460975110530853,0.5,NA
CCACTGTTAAGATTCTGGTC,7392,7412,+,0.06460277736186981,0.45,NA
AGTGCACACAGCAAGTGCAC,1616,1636,+,0.0645802915096283,0.55,NA
AGGAACCACCAGTTGATTAG,9989,10009,-,0.06453139334917068,0.45,NA
AAGAATTGCTTGAACCCAGG,6912,6932,+,0.06448335945606232,0.45,NA
TTTCGAAGCCAGCATAATCC,3866,3886,+,0.06445389986038208,0.45,NA
TTTCATCGTCCCAGAAACGT,1693,1713,-,0.06443604081869125,0.45,NA
GTTAGCATAGACATGCAACA,3943,3963,-,0.06442444026470184,0.4,NA
ATCTCGGCCTCCCAAAGTGC,3377,3397,+,0.06432662904262543,0.6,NA
ACCCTCCCACTCAAAGAGCC,21172,21192,-,0.06427893042564392,0.6,NA
TACAGAGATTGCAGGCTGAG,10260,10280,-,0.064141646027565,0.5,NA
GGCTGGATAGAGTGCAGTAG,14988,15008,-,0.0641246810555458,0.55,NA
CTTTCCTAGCACTGCCCAAC,13929,13949,-,0.06393636018037796,0.55,NA
GGGAGCACTAAGCGAGGTAA,13830,13850,-,0.06392665207386017,0.55,NA
GTAATCCCAGCACTTTGGGA,4175,4195,-,0.06389342993497849,0.5,NA
TGTTCCTGGCTAGCCAAGGA,9973,9993,-,0.0637645274400711,0.55,NA
AGCAGGTGCAAGGCATTGTG,9758,9778,-,0.06366981565952301,0.55,NA
CTGCCTCCTGGGTTCAAGTG,15223,15243,-,0.06358750909566879,0.6,NA
AGTTGCATTGTTGGGAGACC,333,353,+,0.06354433298110962,0.5,NA
CTCATATAACAGGCTTGTGT,9715,9735,-,0.06348995864391327,0.4,NA
AGCATTTCGGGAGGCTGAGG,15979,15999,+,0.06346897780895233,0.6,NA
CTGCACTCCAGCCTGTGCAA,25729,25749,-,0.06340672075748444,0.6,NA
CCTCTTACCGATTTCTTCCA,13441,13461,-,0.06337543576955795,0.45,NA
GGGCAACATAGTGAAACCCT,8748,8768,-,0.06335896998643875,0.5,NA
GTTATCTAGCTTTGGGCTAG,1324,1344,-,0.06331809610128403,0.45,NA
AATAAGCTCCTGACCAGGCT,11838,11858,+,0.06329090893268585,0.5,NA
AGGAGGACCGTCGCAATCTG,800,820,-,0.06326860189437866,0.6,NA
CAACGTTGATACCATACTGG,5400,5420,+,0.06310569494962692,0.45,NA
CACACACCAAACCCACAGAT,7168,7188,-,0.06309856474399567,0.5,NA
GTAATCCCAGCGCTTTGAGA,9307,9327,-,0.06287597864866257,0.5,NA
GCCTGGCTAACATGGTGAAG,16462,16482,-,0.06274569779634476,0.55,NA
AAGTGCTGGGATTACAGGCG,14679,14699,-,0.06261821836233139,0.55,NA
CAAAGAAGTGCATGGCTGGT,10703,10723,-,0.06258158385753632,0.5,NA
TCCCACACCCTGGAGGATTT,18604,18624,-,0.06255804002285004,0.55,NA
GAGAATTGCTTGAAACCAGA,9472,9492,+,0.06237231194972992,0.4,NA
GAACTCAAAGTTGAACGCCT,386,406,+,0.062371641397476196,0.45,NA
AGTATATCTCATCTTCCCGG,1209,1229,+,0.06236531212925911,0.45,NA
GAGAATCGCTTGAACCCAGG,23816,23836,+,0.062276676297187805,0.55,NA
TCTCTTAACCAGGGAGGAGG,25682,25702,+,0.06209314242005348,0.55,NA
TCCCATCCAGTCAAGCAGGT,21082,21102,-,0.06187097728252411,0.55,NA
GACTGAACTTGATGAGTCCT,180,200,-,0.0618065744638443,0.45,NA
GCAGGAGAATCACTGAGCCC,9155,9175,+,0.0617881640791893,0.6,NA
GACAATAAGGCCGGGCATGG,24615,24635,+,0.06173483282327652,0.6,NA
GCAGGAGAATCGCTTGAACC,6097,6117,+,0.06149040535092354,0.55,NA
TATAATCCCAGCTACTGGGA,22827,22847,+,0.061462849378585815,0.45,NA
TGAGCCGGCCTAAAGCGTAC,435,455,-,0.061376020312309265,0.6,NA
GCCAGTCTAGCTAGAGCTTT,10021,10041,+,0.061358872801065445,0.5,NA
AATCCCAGCACACAGCACAT,21637,21657,+,0.06130066514015198,0.5,NA
CAAACCCTTATTTAACGACG,25009,25029,-,0.061273276805877686,0.4,NA
TCCTGGCTAACAAGGTGAAA,23276,23296,-,0.06120449677109718,0.45,NA
GCCTGACCAACAAGATGAAA,20764,20784,-,0.06117503345012665,0.45,NA
TCCGGACATTAGGTATTGTC,2483,2503,-,0.06097768247127533,0.45,NA
GGCCTGTTGACTGAATAGAT,7704,7724,-,0.06086689233779907,0.45,NA
TCTGCTCCATCAGAAAGTGG,19500,19520,-,0.06085781380534172,0.5,NA
GTTGGTCGGTGGGTTGGTAG,18466,18486,-,0.06079410761594772,0.6,NA
ACCAGGCTGAAGGTGCAAGC,20004,20024,+,0.06065114960074425,0.6,NA
TCCTGGCTAACACGGTGAAA,5539,5559,-,0.060624975711107254,0.5,NA
TGAAGCTCCCAGAATGCCAG,11360,11380,+,0.06054959446191788,0.55,NA
GCCTGACCAACATGGTGAAA,4102,4122,-,0.060548122972249985,0.5,NA
GCCTGACCAACATGGTGAAA,8021,8041,-,0.060548122972249985,0.5,NA
AGCAGCCACTGTTAAGATTC,7387,7407,+,0.06042027473449707,0.45,NA
TGCCTGACCTCTTAGTGCTA,3421,3441,-,0.06040150672197342,0.5,NA
AGATCCTGCCAGTGCTTTCC,24853,24873,-,0.060389988124370575,0.55,NA
CACTTGAGGCCAGGAGATGG,12049,12069,+,0.060345008969306946,0.6,NA
GAGAATGGCGTGAACTCAGG,5643,5663,+,0.0601380430161953,0.55,NA
TAGGGAATCACTGGACATAT,7347,7367,+,0.060082271695137024,0.4,NA
AACAAGAGTGAAACTCCGGC,6709,6729,+,0.06006399169564247,0.5,NA
GGAATTACAGGTGCCTGCCA,24122,24142,-,0.059988781809806824,0.55,NA
GTAATCCCAGCTACTCAGGA,4307,4327,-,0.059945348650217056,0.5,NA
GGGTGACAGAGCAAGACTCC,23447,23467,-,0.0599159337580204,0.6,NA
ATCGAGACCATCCTGGCTAA,12962,12982,+,0.0598563477396965,0.5,NA
AATCCCAGCACTTTGGGAGT,8819,8839,+,0.05983787775039673,0.5,NA
GGAGCGATCTTTCCAGGCAG,689,709,-,0.059817928820848465,0.6,NA
ACTTGGTGACTTCTTTCCCT,21041,21061,-,0.05977751314640045,0.45,NA
TCCCAAGTAGCTAGGACTAC,15553,15573,+,0.059661589562892914,0.5,NA
ACAACGTTCTGGTAAGGACA,11154,11174,+,0.05957815796136856,0.45,NA
TGTAATCCCAGCTACTCAGG,4306,4326,+,0.059562355279922485,0.5,NA
GAGGTGTAGGAGTCAGTCTC,2983,3003,+,0.0595298670232296,0.55,NA
CCATGAGCGCTGCTCAGATA,12468,12488,-,0.05951697379350662,0.55,NA
AAGAAAGAGAGCATCCTGCC,8727,8747,+,0.05950693413615227,0.5,NA
GTAATCCCAACACTTTGGAG,22693,22713,-,0.059391509741544724,0.45,NA
TGTAGTCCCAGCTACTCAGG,6233,6253,+,0.05939110741019249,0.55,NA
AGAGTACAATGGCACAATCA,3188,3208,+,0.059379398822784424,0.4,NA
CCTAAAGTACTGGGATTACA,21994,22014,-,0.059236202389001846,0.4,NA
GACCTTTGTCCTTCCTGGAG,673,693,-,0.059218283742666245,0.55,NA
CATGCCATTGCACACCACGC,6958,6978,+,0.05918995663523674,0.6,NA
CCAGCCTTGGCCTCCTAAAG,21981,22001,-,0.05918166786432266,0.6,NA
ACAGGAAGGGAGTTGGGAAT,10609,10629,+,0.059073083102703094,0.5,NA
GTAGTCCTAGCTATTCAGGA,23349,23369,-,0.059047799557447433,0.45,NA
AATGACAATAAGGCCGGGCA,24612,24632,+,0.05903346464037895,0.5,NA
AAAGGCGGAGGTTGCAGCGA,23398,23418,-,0.05897954851388931,0.6,NA
CAAGCTTTCATCCCATCTCG,3363,3383,-,0.058901458978652954,0.5,NA
AGCTGCTAAGGTCCCACAAC,648,668,-,0.05886874720454216,0.55,NA
GAAGTTGGGAGTTCAAGACC,8396,8416,-,0.05877767503261566,0.5,NA
ATCACCTGAGGTCAGGAGTT,6785,6805,-,0.05876365303993225,0.5,NA
GGCACTTTAGGAGGCTGAGG,10343,10363,+,0.05874891206622124,0.6,NA
CAAGAATTAGCTGGGTGTAG,6849,6869,+,0.058640845119953156,0.45,NA
AAGGCGCACTGGCCTCATCT,13215,13235,+,0.05859042704105377,0.6,NA
TTCATAACTCAGGAACCAAC,19331,19351,-,0.05857139825820923,0.4,NA
CATTTCAGGACAGCACCTCC,7683,7703,+,0.05850471183657646,0.55,NA
CATGCCAGGTAGCTGAATGA,19681,19701,-,0.05850018560886383,0.5,NA
AGAGCTGGAGGGTCTCAAGG,17197,17217,+,0.05847577005624771,0.6,NA
GTAGTCCCAGCTACTCGGGA,5612,5632,-,0.058373771607875824,0.6,NA
GTAGTCCCAGCTACTCGGGA,16534,16554,-,0.058373771607875824,0.6,NA
GCCTGACCAATGTGGTGAAA,4236,4256,-,0.058319490402936935,0.5,NA
TGGCCATCTACAAGCAGTCA,12413,12433,-,0.058318130671978,0.5,NA
CCCAGCTACTCAGGAAGTTG,8958,8978,+,0.05795831233263016,0.55,NA
GTAATCCCAGCACTTTGGGA,16399,16419,-,0.057923316955566406,0.5,NA
CGTCAACATAGCCAGACCTC,23040,23060,-,0.05781944468617439,0.55,NA
CCCAAGTAGCTAGGACTACA,15554,15574,-,0.057752661406993866,0.5,NA
GGCTGAAGGTGCAAGCAGGA,20008,20028,-,0.05766325816512108,0.6,NA
GACTCAGACTGACATTCTCC,17926,17946,-,0.057642143219709396,0.5,NA
TTGTCCCAGCCTTAGGCCCT,17753,17773,-,0.057533688843250275,0.6,NA
GAGGACCGTCGCAATCTGAG,802,822,+,0.057517267763614655,0.6,NA
TCTCGCTCTGTTACTCAGGC,21765,21785,+,0.05743953958153725,0.55,NA
TCAGGTACTAAGTCTTGGGA,14008,14028,-,0.057422198355197906,0.45,NA
CTGTTATCTAGCTTTGGGCT,1322,1342,+,0.057407036423683167,0.45,NA
GACCTCAGGTGATTCGCCCA,22370,22390,-,0.057324111461639404,0.6,NA
ACTAGGTAGGCCAGGCTTGG,7926,7946,+,0.05725324898958206,0.6,NA
GTAATCCCAGCACTTTGGGA,5478,5498,-,0.05724436044692993,0.5,NA
GCGAGAGAATGGCGTGAACC,5223,5243,+,0.057066917419433594,0.6,NA
AACTCTCTCTAGCTCGCTAG,12178,12198,+,0.056863412261009216,0.5,NA
AAGGGCTTCTTGGGATAGGG,19736,19756,+,0.05664863437414169,0.55,NA
ACCCTTCAGGTACTAAGTCT,14003,14023,+,0.05659015104174614,0.45,NA
TGGCTCCCTGGCCATTTGGA,7485,7505,+,0.056567706167697906,0.6,NA
ACTGAATAGATCCCTGAAGG,7713,7733,+,0.056506089866161346,0.45,NA
GCATTGAGGTCTGAGACTTT,515,535,+,0.05649476870894432,0.45,NA
TGTAATCCCAGCATTTCGGG,15970,15990,+,0.05646853148937225,0.5,NA
AAGTGCTGGGATTACAGGTG,15398,15418,-,0.05646378919482231,0.5,NA
AAGTGCTGGGATTACAGGTG,3391,3411,-,0.05646378919482231,0.5,NA
GGTAAGGACAAGGGTTGGGC,11164,11184,+,0.056360505521297455,0.6,NA
TCCCAAGTAGCTGGGACTAC,22264,22284,+,0.056179650127887726,0.55,NA
GCCATTCCAGTTCCAGACGC,1344,1364,+,0.056109149008989334,0.6,NA
GCTCAGCCTCCCAAGTTGCT,15061,15081,-,0.056070733815431595,0.6,NA
CCCAGAGTGCTGGGATTACA,18956,18976,-,0.05604705959558487,0.55,NA
AGATCGTGCCACTGCACTCC,5267,5287,-,0.055793557316064835,0.6,NA
GCCTTCCTAGGTTGGAAAGC,16975,16995,-,0.055792633444070816,0.55,NA
CTGTCTCCACTTGTTGAAAT,3035,3055,+,0.05571373552083969,0.4,NA
GGCCAACATGGTGACACCCT,24712,24732,-,0.05568192899227142,0.6,NA
CTTAACCTGTGGCTTCTCCT,13551,13571,-,0.05561487376689911,0.5,NA
TGCTTGCAATAGGTGTGCGT,18025,18045,-,0.055586352944374084,0.5,NA
GTAATTCCAGCTACTCGGGA,24780,24800,-,0.055521443486213684,0.5,NA
TGTAATCCCAGCTACTAAGG,25645,25665,+,0.05549328029155731,0.45,NA
TAGATCACTGCCCTGCCCTT,9809,9829,+,0.05549169331789017,0.55,NA
ATATCCTTGTTAACAGGAGG,10287,10307,+,0.05547436699271202,0.4,NA
TCTACAAGCAGTCACAGCAC,12419,12439,-,0.05545775219798088,0.5,NA
GGCCCTTCAAAGCATTGGTC,17767,17787,+,0.05533401668071747,0.55,NA
CTTGCAGCAGCATTTCCGGT,871,891,-,0.05530545115470886,0.55,NA
CCCAAGTAGCTGGGACTACA,22265,22285,-,0.05529292672872543,0.55,NA
CGAAACCAGCCTGGCCAACA,8872,8892,+,0.05528831109404564,0.6,NA
TGCCGTCCCAAGCAATGGAT,11281,11301,-,0.05523839220404625,0.55,NA
AATCCCAGCACTTTGGGAGG,16401,16421,+,0.05518211051821709,0.55,NA
GTATGCAGAAGACCACAAAC,24994,25014,-,0.0551818311214447,0.45,NA
TTGTTTATGGTGTGAGGTGT,2970,2990,+,0.055110253393650055,0.4,NA
ACTAAGCGAGGTAAGCAAGC,13836,13856,+,0.05506648123264313,0.5,NA
CTCTCTCTTTAGGCCAAGGC,25520,25540,+,0.055022917687892914,0.55,NA
GTAATCCCAGCTATTCGGGA,1958,1978,-,0.05501297861337662,0.5,NA
GAAGGTAGAGGTTGCAGTGA,10518,10538,-,0.05494926497340202,0.5,NA
CTCACTATTCACCCGATGAG,909,929,+,0.05493849515914917,0.5,NA
CAACACCAGCCTGGCCAACA,5990,6010,+,0.0548439659178257,0.6,NA
TGCTCTTTCTCGCTCTCTTA,9691,9711,-,0.05481867492198944,0.45,NA
CTTAGGCTCCAGAAAGGACA,13591,13611,+,0.054817523807287216,0.5,NA
CGAGACCATCCTGGCTAACA,5531,5551,+,0.05478741228580475,0.55,NA
GTAATCCCAGCTACTCGGGA,9441,9461,-,0.05478055775165558,0.55,NA
TTTGCACATCCACCCGGTGC,458,478,+,0.05470085144042969,0.6,NA
TCCTAAAGTACTGGGATTAC,21993,22013,+,0.05466783419251442,0.4,NA
CCTCAGCATCTTATCCGAGT,12586,12606,-,0.05465380847454071,0.5,NA
CTGATTCCTCACTGATTGCT,12550,12570,-,0.0546017549932003,0.45,NA
GTGATCCCAGCACTTTGGGA,23530,23550,-,0.054414089769124985,0.55,NA
AGTACTAGGTAGGCCAGGCT,7923,7943,+,0.05440843105316162,0.55,NA
AGCACTTTGGGAGGTGGAGG,16407,16427,+,0.05436425656080246,0.6,NA
GTCATCTTCTGTCCCTTCCC,11456,11476,-,0.0543612577021122,0.55,NA
GAGGTCTGGAGTTGGAGACC,5830,5850,-,0.054356977343559265,0.6,NA
TCCACTAGCAGCATACATAA,4994,5014,+,0.054200224578380585,0.4,NA
ACCTGTAATGCCAGTTACTC,3690,3710,+,0.054135512560606,0.45,NA
GGGCAACAAGAGTGAAACTC,6705,6725,+,0.053972937166690826,0.5,NA
GGGCAACAAGAGTGAAACTC,6705,6725,-,0.053972937166690826,0.5,NA
TTACACTCCAGCCTGGGCAA,17589,17609,-,0.05391354113817215,0.55,NA
TCGTGCCATTGCACTCAGCC,23861,23881,+,0.05390245094895363,0.6,NA
CCCGGATTCAAGCGATTCTC,24079,24099,-,0.05383766442537308,0.55,NA
AGCAGGACAAGAAGCGGTGG,13853,13873,+,0.053831472992897034,0.6,NA
AAGGTCTTGCTCTGTCACCC,14967,14987,+,0.05382170155644417,0.55,NA
AGGCGCACTGGCCTCATCTT,13216,13236,-,0.05366402491927147,0.6,NA
GGAGGCAGAGGTTGCAGTGA,6283,6303,-,0.053623806685209274,0.6,NA
GAGAATCATTTGAATCCGGG,8123,8143,+,0.05360709875822067,0.45,NA
GGGCAACAAGAGTGAAACTC,17603,17623,-,0.05355636030435562,0.5,NA
GACGTCAGGAGTTGGAAACC,16441,16461,-,0.05353180319070816,0.55,NA
AAATTAGCCGGGCGTGGTGC,13018,13038,+,0.05345964804291725,0.6,NA
GCACTTTGGGAAGCCGAGAC,5487,5507,-,0.05338623747229576,0.6,NA
TATAGTCCCAGCTACTCGGG,5195,5215,+,0.05334094911813736,0.55,NA
TCCCAAAGTGCTGGGATTAC,14674,14694,+,0.053316809237003326,0.5,NA
GTAATCCCAGCTACTAAGGG,25646,25666,-,0.05328582227230072,0.5,NA
ACAACACCAGCTCCTCTCCC,13947,13967,-,0.053226884454488754,0.6,NA
CAGGAAGCCGAGCTGTCTCA,10803,10823,-,0.05314235761761665,0.6,NA
GAAATAATGAGGGCCGGGTG,5443,5463,+,0.05292622372508049,0.55,NA
ATCCCAGCTACCTACTCGGG,17504,17524,+,0.052893899381160736,0.6,NA
GAACAACATAGCAAGACATC,16335,16355,-,0.0528562106192112,0.4,NA
CTGAACAAGTTGGCCTGCAC,18088,18108,+,0.052743617445230484,0.55,NA
CTGAACAAGTTGGCCTGCAC,18088,18108,-,0.052743617445230484,0.55,NA
GATCACTTGAGGTCAGGAGT,20735,20755,+,0.05274282395839691,0.5,NA
AGGCTGTAGTGAGCCATGAT,9184,9204,-,0.052650898694992065,0.5,NA
GTTCTTCCTGGTAGGAGGCG,1443,1463,-,0.052626654505729675,0.6,NA
TGTAGTCCCAGCTACTCGGG,13046,13066,+,0.0526183545589447,0.6,NA
CAACACTTTGGAGGCCAAGG,22700,22720,+,0.05258799344301224,0.55,NA
TCTCTTTAGGCCAAGGCAGG,25523,25543,+,0.052584078162908554,0.55,NA
TCGATTGTATATCCGTCCTT,2209,2229,-,0.05256050080060959,0.4,NA
TGTAATCCCAGCTACTCGGG,9440,9460,+,0.05255996063351631,0.55,NA
CTCTCTGAGTCACGGGCTCT,198,218,+,0.0524764209985733,0.6,NA
AGATCGCGCTATTGCACTCC,6680,6700,-,0.052406925708055496,0.55,NA
GACCCGCCTCTTTCAGAGAC,20152,20172,-,0.05237468332052231,0.6,NA
TGGAACTCAAGGATGCCCAG,16880,16900,-,0.05233793705701828,0.55,NA
AGATCGTGCCACTACACTCC,2031,2051,-,0.052327584475278854,0.55,NA
GGAGATGGAGGCTGCAGTGA,12061,12081,-,0.05210552364587784,0.6,NA
GCACTCTCAAAGAGGCCAAG,11882,11902,-,0.05201578885316849,0.55,NA
CAGAACATCCAAACCCAGGG,17133,17153,-,0.051993370056152344,0.55,NA
TGGAGAATATTTCACCCTTC,13990,14010,+,0.05179661139845848,0.4,NA
TTCCTAGGTTGGAAAGCCAT,16978,16998,+,0.05177443474531174,0.45,NA
GAGCGCTGCTCAGATAGCGA,12472,12492,+,0.05170522630214691,0.6,NA
ACATGCAAAGCCCTGTCTCT,10407,10427,-,0.051701564341783524,0.5,NA
AAAGTACTGGGATTACAGGC,21997,22017,-,0.051574841141700745,0.45,NA
TCACCTACGACGAGGACACT,20464,20484,+,0.05156758055090904,0.55,NA
TTGGCTAGAGGGATCATCAT,310,330,+,0.05152913182973862,0.45,NA
CTAACCTCTCTGGTCCTACT,21024,21044,+,0.05147019401192665,0.5,NA
GCACACAGCACATTGGGAGG,21644,21664,-,0.051466964185237885,0.6,NA
AAGTAGCTAGGCGTGGTGGC,23757,23777,+,0.05146629735827446,0.6,NA
ATTAGCCAGGCAGGCCTCTG,9109,9129,+,0.051431603729724884,0.6,NA
CTAGCAGCATACATAATGGT,4998,5018,-,0.05140893533825874,0.4,NA
AAGGGCACCTGCATTTCTCT,7465,7485,+,0.05135658383369446,0.5,NA
TCCCAACACTTTGGAGGCCA,22697,22717,+,0.05130482465028763,0.55,NA
AACCCTGTCTGACAACCTCT,18547,18567,-,0.051273927092552185,0.5,NA
AACCCTGTCTGACAACCTCT,18547,18567,+,0.051273927092552185,0.5,NA
AAAGTCTAGAGCCACCGTCC,60,80,+,0.05125384032726288,0.55,NA
GCAGGAGAATCGCTTGAACC,1985,2005,+,0.05117948725819588,0.55,NA
AGTAGCTGGGACTACAGGCG,21864,21884,-,0.050992246717214584,0.6,NA
CAGCCTCTCACCAAGGATTA,19432,19452,+,0.050913892686367035,0.5,NA
CAATGGTTCACTGAAGACCC,11331,11351,+,0.05070554465055466,0.5,NA
AGGCGGGCAGATCATGAGGT,25287,25307,-,0.05068235099315643,0.6,NA
AGATCGTGCCACTGCACTCC,4377,4397,-,0.05067453160881996,0.6,NA
TGTAATCCCAGCTACTTGGG,23784,23804,+,0.0506562814116478,0.5,NA
GGGCAATAAGAGCTGAGACT,8187,8207,-,0.05064938962459564,0.5,NA
CACTCAGCCCTAGCCTACTT,15722,15742,-,0.05064108595252037,0.55,NA
CTGTTCTCTGCTCTCTTTAA,3458,3478,-,0.05063580721616745,0.4,NA
GGATTTAGTGGTGGGAAGGT,10654,10674,+,0.050604257732629776,0.5,NA
AGCTGGTCTCGAACTCCTGA,24200,24220,-,0.050579920411109924,0.55,NA
GTAATGCCAGCACTTTGGGA,5056,5076,-,0.05048632621765137,0.5,NA
TCAAGACTGATACCAGCAGC,7373,7393,-,0.0504760816693306,0.5,NA
AAGAAGAAACCACTGGATGG,13973,13993,-,0.05045611038804054,0.45,NA
TCCACAGAACATCCAAACCC,17129,17149,+,0.050351791083812714,0.5,NA
GCAGGAGAATCGCTTGAACC,16132,16152,+,0.05033125355839729,0.55,NA
CTACAGTTGGGCAGCTGGTT,18489,18509,+,0.05032249912619591,0.55,NA
CCATGCCTGACCTCTTAGTG,3418,3438,-,0.05031497776508331,0.55,NA
AGAGCTGAATGAGGCCTTGG,16863,16883,-,0.050166383385658264,0.55,NA
TGTAATCCCAGCACTTTGGG,23214,23234,+,0.050163231790065765,0.5,NA
TGTAATCCCAGCACTTTGGG,4038,4058,+,0.050163231790065765,0.5,NA
GTCAAGCAGGTACTCATTGG,21091,21111,-,0.05015990138053894,0.5,NA
AGATTATGTCCCTAGCTCTG,20569,20589,-,0.050051361322402954,0.45,NA
CCCAAGTTGCTTCAACTACA,15070,15090,-,0.04998712241649628,0.45,NA
GAAACTGTGAGTGGATCCAT,11020,11040,+,0.04996353015303612,0.45,NA
CCGGTTGAATCCTATAACCA,17091,17111,-,0.049957115203142166,0.45,NA
AGGTTGGCTCTGACTGTACC,13254,13274,-,0.0499083586037159,0.55,NA
TGTAATCCCAGCTACTTGGG,6069,6089,+,0.04987538605928421,0.5,NA
TGTAATCCCAGCTACTTGGG,6880,6900,+,0.04987538605928421,0.5,NA
CTTAATGTGTGATCTCTGAC,11688,11708,-,0.04985278844833374,0.4,NA
ACAGAGGAACAGACTGGGCG,3525,3545,+,0.049765363335609436,0.6,NA
TTGCACTCCAGCCTGGGTGA,6154,6174,-,0.04970036819577217,0.6,NA
GTGCCAGGAGCTGTTCTAGG,21122,21142,-,0.04963654279708862,0.6,NA
GTCAGCTCATCAACCAGGCT,19992,20012,-,0.04962882399559021,0.55,NA
TGGATTTGGGCCAGGCATGG,25230,25250,+,0.04958326369524002,0.6,NA
AAGCTCCTGACCAGGCTTGG,11841,11861,+,0.04951663315296173,0.6,NA
AAACAGCATGGTTGCATGAA,15868,15888,+,0.04944033548235893,0.4,NA
CAGATGTCTAAGTCCCATAT,7183,7203,-,0.049357980489730835,0.4,NA
GCTATGGTAGTGTAAGCCTG,24761,24781,-,0.04932180419564247,0.5,NA
CTGCTCCATCAGAAAGTGGC,19501,19521,+,0.049298081547021866,0.55,NA
CAGAAGAATCACTTGAACCC,24808,24828,+,0.049201950430870056,0.45,NA
AACTCAAAGTTGAACGCCTA,387,407,-,0.049163512885570526,0.4,NA
GCAGGAGAATCATTTGAATC,8119,8139,+,0.049127303063869476,0.4,NA
TCCACTACAACTACATGTGT,13278,13298,-,0.049099840223789215,0.4,NA
CAGCCTCCCGAATAGCTAGG,15255,15275,-,0.048962436616420746,0.6,NA
ACTGAAGCTTACAGAGGCTA,12851,12871,+,0.04894358664751053,0.45,NA
CCTAGCAGAGACCTGTGGGA,11080,11100,-,0.04893042519688606,0.6,NA
AGGGACTCACACTGTTGCCC,3163,3183,+,0.0488792285323143,0.6,NA
GCAGGAGAATCGCTTGAACC,17532,17552,+,0.04870845377445221,0.55,NA
GTAATCCCAGCTACCTACTC,17501,17521,-,0.048685189336538315,0.5,NA
GCTACTTGGGAGGCTGAGAC,6890,6910,-,0.048631079494953156,0.6,NA
TTGAAAGCTTGTCTGGGAGA,9611,9631,+,0.048593536019325256,0.45,NA
TTGAAAGCTTGTCTGGGAGA,9611,9631,-,0.048593536019325256,0.45,NA
GTAATCTCATCTTCTTGGGA,20835,20855,-,0.04855556786060333,0.4,NA
TCTCTGCAACCTCCACCTCC,24061,24081,+,0.04841845482587814,0.6,NA
AGACACTGGCATGGTGTTGG,10822,10842,+,0.0483580008149147,0.55,NA
ACCTGTAATCCCAGCACACA,21631,21651,-,0.04830464720726013,0.5,NA
CTCAGACACTGGCATGGTGT,10819,10839,+,0.04830054193735123,0.55,NA
TGTAACAGTTCCTGCATGGG,13295,13315,+,0.04829808697104454,0.5,NA
GGGTGACAGAGTGAGACTTC,5292,5312,-,0.04829449951648712,0.55,NA
GCTACTTGGGAGGCTTAGGC,6079,6099,+,0.04825408011674881,0.6,NA
GCTACTTGGGAGGCTTAGGC,6079,6099,-,0.04825408011674881,0.6,NA
AACCCACAGATGTCTAAGTC,7177,7197,-,0.04821595549583435,0.45,NA
AGGGCACCTGCATTTCTCTT,7466,7486,-,0.0479753315448761,0.5,NA
TGTAGTCCCAGCTACTCGGG,16533,16553,+,0.04796072468161583,0.6,NA
GGTGCACATTTAGGAAGTCT,10631,10651,+,0.047873083502054214,0.45,NA
ACAGTTGGGCAAAGTCATCT,15772,15792,-,0.047753021121025085,0.45,NA
CCTGAGGTCTGGTTTGCAAC,12682,12702,-,0.0477440319955349,0.55,NA
CCTGAGGTCTGGTTTGCAAC,12682,12702,+,0.0477440319955349,0.55,NA
AGATCGTGCCACTGCACTCC,23422,23442,-,0.04768332093954086,0.6,NA
TATCTGTGAAATGCTGGCAT,18321,18341,-,0.04752200096845627,0.4,NA
GATTTCCTTACTGCCTCTTG,13665,13685,-,0.04751640558242798,0.45,NA
AGTGAAACTCCGGCAGGGTG,6715,6735,+,0.047513447701931,0.6,NA
CCTAGCTACTCAGCAGGCTG,8097,8117,+,0.04738530144095421,0.6,NA
GCCTAGCCAACATGGTGAAA,16034,16054,-,0.047384243458509445,0.5,NA
GCCTGTAGTTCCAGCTACTC,25391,25411,+,0.04731997102499008,0.55,NA
GAGAATCGCTTGAACCCGGG,1989,2009,+,0.047301240265369415,0.6,NA
GAGAATCGCTTGAACCCGGG,17536,17556,+,0.047301240265369415,0.6,NA
AAATTAGCCGGGCATGGTGG,5167,5187,+,0.04724682867527008,0.55,NA
CAATTGAAGGCTGTCAGTCG,737,757,+,0.04722790792584419,0.5,NA
TCACACCCTCAGCATCTCTC,11762,11782,-,0.047220103442668915,0.55,NA
TAGGATTCCATTCTCATCCT,16997,17017,-,0.047129057347774506,0.4,NA
TAGGCCCTTCAAAGCATTGG,17765,17785,-,0.047107819467782974,0.5,NA
GCAGGAGAATCGCTTGAACC,8515,8535,+,0.04708024859428406,0.55,NA
TCCCAAAGTGCTGGGATTAC,3386,3406,+,0.04703982174396515,0.5,NA
TCCCAAAGTGCTGGGATTAC,15393,15413,+,0.04703982174396515,0.5,NA
GTTATGGCCTTTGCAAAGGC,1030,1050,+,0.04700696840882301,0.5,NA
GTAATCCCAACACTGTGGGA,20701,20721,-,0.046996623277664185,0.5,NA
GCCTGGCCAACATGGTGAAA,5998,6018,-,0.0469890721142292,0.55,NA
TGAAACCATCCTGGCTAACA,23268,23288,+,0.04697022587060928,0.45,NA
CTTGGAACTCAAGGATGCCC,16878,16898,+,0.04694795608520508,0.55,NA
GGATTTCAAGACCAGCCTGG,4749,4769,-,0.04686440899968147,0.55,NA
TGTAGTCCCAGTTACTTGAG,16267,16287,+,0.04685007035732269,0.45,NA
AGGATGACTTAAAGTCTGCA,9933,9953,+,0.04681701958179474,0.4,NA
CAGCACTCTCAAAGAGGCCA,11880,11900,+,0.04677591100335121,0.55,NA
TGTAATTCCAGCTACTCGGG,24779,24799,+,0.046575576066970825,0.5,NA
GACAGCTATGAAGCCACCAG,20055,20075,-,0.046556368470191956,0.55,NA
TGTCCTGTTTAGGACATCTT,2832,2852,-,0.04651689529418945,0.4,NA
TGTAATCCCAGCTATTCGGG,1957,1977,+,0.046487957239151,0.5,NA
CACACCCTCAGCATCTCTCC,11763,11783,+,0.04644443094730377,0.6,NA
GTAATCCCAGCACTTCGGGA,6750,6770,-,0.04636768624186516,0.55,NA
TGGGAAGATCACTTGAGGCC,12040,12060,+,0.046361904591321945,0.55,NA
GGCAACAGAGCGAGATTCCG,6980,7000,-,0.04636179283261299,0.6,NA
GGGACGAGTGTGGATACTTC,17150,17170,-,0.04635954648256302,0.55,NA
GATCACCTGACGTCAGGAGT,16433,16453,+,0.04628991335630417,0.55,NA
GGAAACCAGCCTGGCTAACA,16454,16474,+,0.04628573730587959,0.55,NA
TGTAATCCCAGCTACTTGGG,16104,16124,+,0.046192362904548645,0.5,NA
AGACCTATGGAAACTGTGAG,11011,11031,+,0.04618092253804207,0.45,NA
ATTGAAGGCTGTCAGTCGTG,739,759,-,0.04617626592516899,0.5,NA
ATAGATAATCTGGCCGGGTG,23180,23200,+,0.04610442742705345,0.5,NA
GCCTGACAAAGATGGTGAAA,5851,5871,-,0.04604464769363403,0.45,NA
AGTTTCTACAGTTGGGCAGC,18484,18504,+,0.04600568488240242,0.5,NA
TGCTTGAAACCAGAAGGCAG,9478,9498,+,0.04590228199958801,0.5,NA
GGCAACAGAGAAAGACCCTG,23584,23604,-,0.0457976758480072,0.55,NA
ACATGGTGAAACCCTGTCTC,9377,9397,-,0.04572809487581253,0.5,NA
TTCCAGTTCCAGACGCAGGC,1348,1368,-,0.04568403586745262,0.6,NA
GGAGGTGGAGGTTGCAGTGA,6930,6950,-,0.04566415026783943,0.6,NA
AAAGGAGGCACAGTCGAGCC,15886,15906,+,0.04562804475426674,0.6,NA
TGGGATGGAAGCTTGGCTAG,298,318,+,0.045598797500133514,0.55,NA
TGCCTCTGTAGACAGGTCAC,20239,20259,-,0.045525550842285156,0.55,NA
TGAGACCAGCCCAGGCAACA,23571,23591,-,0.045420803129673004,0.6,NA
AGATCCTGTCACTGCACTCC,25468,25488,-,0.04539381340146065,0.55,NA
CCCAGGTTCATGCCATTCTC,21828,21848,-,0.04538164287805557,0.55,NA
TACTGCCTCTTGCTTCTCTT,13673,13693,-,0.0453333854675293,0.45,NA
TGTAATCCCAGCTACTCGGG,8487,8507,+,0.04524920508265495,0.55,NA
CTGTAGACAGGTCACCTTGA,20244,20264,-,0.04501355066895485,0.5,NA
GAGACAGGGTTTCACCATGT,15323,15343,+,0.044975027441978455,0.5,NA
GAGACAGGGTTTCACCATGT,24174,24194,+,0.044975027441978455,0.5,NA
ACTCTCTCTAGCTCGCTAGT,12179,12199,-,0.04497269168496132,0.5,NA
TATAATCCCAGCACTTTGGG,5787,5807,+,0.044971272349357605,0.45,NA
TGCAAGATGCTGGTCCACAC,9658,9678,+,0.044948991388082504,0.55,NA
CAGGCATACACCACCATACC,14865,14885,-,0.04494839906692505,0.55,NA
ACCACAGGTTCATGCCACCA,18835,18855,+,0.044898539781570435,0.55,NA
GCCTAGGCGACAAGAGCAAA,6328,6348,-,0.044865600764751434,0.55,NA
CCTGGGTTCAAGTGATTCTC,15229,15249,-,0.044723235070705414,0.5,NA
CTCTCTCTCTCTTTAGGCCA,25516,25536,+,0.04455649480223656,0.5,NA
TCCCGAGTAGCTGGGACTAC,21859,21879,+,0.044520944356918335,0.6,NA
GCCTGGCCAACATGGTGAAA,6534,6554,-,0.044499389827251434,0.55,NA
TGAGACTTCAATGCCTGGCC,11581,11601,-,0.044463492929935455,0.55,NA
AACCTGGGAGGCAGAGGTTG,8531,8551,+,0.0444149374961853,0.6,NA
TTGCACTCCAGCCTGGGCAA,4552,4572,-,0.04435228928923607,0.6,NA
TAGACCTGTGTCCCTCCAAG,7640,7660,+,0.04424607753753662,0.55,NA
GCCTGGCTGACAATAGTGAA,22754,22774,-,0.043988581746816635,0.5,NA
GCAGGCAAACTAGAGCTCCT,20200,20220,-,0.04393675923347473,0.55,NA
GAGTGACAGAGCAAGACCCT,12110,12130,-,0.04386714845895767,0.55,NA
AACCGCTCCGTGATGCCTAC,1658,1678,-,0.043842658400535583,0.6,NA
CCCATAATACACAGAGTACT,7909,7929,+,0.043838273733854294,0.4,NA
CCATTCTCATCCTGCCTTCA,17004,17024,+,0.043831080198287964,0.5,NA
GTGTCCCTCCAAGTGGGATT,7647,7667,-,0.043706536293029785,0.55,NA
GCCAAACCCTGTCTGACAAC,18543,18563,-,0.043688930571079254,0.55,NA
GGGCTCAAGCAGTCCTCTAG,3233,3253,-,0.043599553406238556,0.6,NA
TGATGCCTACCAAGTCACAG,1668,1688,-,0.04353858903050423,0.5,NA
TTGAAGCTTTAAACTCTGCC,19702,19722,+,0.043508872389793396,0.4,NA
TCTGGGTTCAAGCGATTCTC,14494,14514,-,0.043469689786434174,0.5,NA
CCCGAATAGCTAGGACTACA,15261,15281,-,0.043463174253702164,0.5,NA
TCTCGGCCTCCCAAAGTGCT,3378,3398,-,0.04344981908798218,0.6,NA
CACTTGAACCCAGGAGGCAG,6271,6291,+,0.04343168064951897,0.6,NA
GTTCAAGTGATTCTCCTGCC,22238,22258,-,0.04335542395710945,0.5,NA
CTGGAGACTGGGTCAGTCTG,19276,19296,+,0.04330388456583023,0.6,NA
TGTAATCCCAGCGCTTTGAG,9306,9326,+,0.0430363193154335,0.5,NA
GATGAGTCCTCTCTGAGTCA,190,210,+,0.04302632063627243,0.5,NA
TGTAATCCCAGCACTTTGGG,4174,4194,+,0.042864926159381866,0.5,NA
TTCCATGAGACTTCAATGCC,11576,11596,+,0.04281993955373764,0.45,NA
CCAGGCTGGTCTCAAACTCC,18906,18926,+,0.04270140826702118,0.6,NA
CAGTGTATCCACAGAACATC,17122,17142,-,0.04264025017619133,0.45,NA
GCTTCTAGGACTGGGCTGCT,19402,19422,-,0.04260661453008652,0.6,NA
CTGCACTCTAGCCTGGGTGA,9037,9057,-,0.042548589408397675,0.6,NA
TGTAATCCCAGCTACTCGGG,21336,21356,+,0.04254687577486038,0.55,NA
GCCTGGGCAACATAGTGAAA,8744,8764,-,0.0423675961792469,0.5,NA
TCCAGAAGCTTTGCAGTGAA,10172,10192,+,0.04224209859967232,0.45,NA
CACCAGTTGATTAGCAGAGA,9995,10015,+,0.042195457965135574,0.45,NA
TGTTGGCCAGGCTAGTCTCG,14621,14641,-,0.04217379540205002,0.6,NA
CTTAGGAGGCTGAGGTGGGA,12025,12045,-,0.04216756671667099,0.6,NA
TGTAATCCCAGCACTTTGGG,24646,24666,+,0.04214182868599892,0.5,NA
GCAAGCAGGACAAGAAGCGG,13850,13870,+,0.04204428941011429,0.6,NA
GTTGATTAGCAGAGAAGGGC,10000,10020,-,0.04199682176113129,0.5,NA
AGTGTCCGAAGAGAATGGGC,10127,10147,+,0.04197409376502037,0.55,NA
TCTGGGCTTCTTGCATTCTG,11507,11527,-,0.041948508471250534,0.5,NA
GTCCCATTGCACTCCAGCCT,6312,6332,+,0.0419437400996685,0.6,NA
CACTGATTGCTCTTAGGTCT,12559,12579,-,0.04193907976150513,0.45,NA
TGAGCCCAGCCTGACCAACA,17422,17442,+,0.04190598428249359,0.6,NA
GGGTTAAGGGTGGTTGTCAG,12720,12740,+,0.04189978539943695,0.55,NA
ATGCCACTGTGCTCCAGCCT,10547,10567,+,0.04187934845685959,0.6,NA
GCAGGAGAATTGCTTGGACC,6634,6654,+,0.04186008870601654,0.55,NA
AAATTAGCCGGGCGTAGTGG,5583,5603,+,0.04185672849416733,0.55,NA
GTTATTCTGTCTCCACTTGT,3029,3049,-,0.04183746874332428,0.4,NA
CCTACCTGGAGCTGGAGCTT,13574,13594,-,0.04179587587714195,0.6,NA
CCTACCTGGAGCTGGAGCTT,13574,13594,+,0.04179587587714195,0.6,NA
TTGGAAGGCCTAGTTCAGCC,7500,7520,+,0.04179351404309273,0.55,NA
GCCTGGGCGACAAGAACGAA,2052,2072,-,0.041701652109622955,0.6,NA
AAACCTTTCAAAGGGCTTCT,19726,19746,+,0.04170022904872894,0.4,NA
GCCTGAACAACATAGCAAGA,16331,16351,-,0.04160280525684357,0.45,NA
TTCAAAGGGCTTCTTGGGAT,19732,19752,+,0.041596658527851105,0.45,NA
TTCAAAGGGCTTCTTGGGAT,19732,19752,-,0.041596658527851105,0.45,NA
TCCCAAAGCACTGAGACTAC,24244,24264,+,0.0415949709713459,0.5,NA
AGGCAGGCACATCAGGAGGT,23677,23697,-,0.04147416725754738,0.6,NA
GTTGACTGAATAGATCCCTG,7709,7729,-,0.04144579917192459,0.45,NA
TTAAAGGAGCTGTTTGGTAG,8276,8296,-,0.04128051549196243,0.4,NA
CACCCTGGAGGATTTCATCT,18609,18629,-,0.04117908701300621,0.5,NA
GGCGACAAAGTGAGACTCCG,25493,25513,-,0.0411548987030983,0.6,NA
GCACATTGGGAGGCTAAAGC,21651,21671,+,0.04112577438354492,0.55,NA
CTGCATGACAACAAGGGAGG,19300,19320,+,0.04098007082939148,0.55,NA
TGTAGTCCCAGCTACTCGGG,5611,5631,+,0.04094943404197693,0.6,NA
GGGCGACAGAGCAAGACTGT,5710,5730,-,0.040922753512859344,0.6,NA
CAGGAGAATCGCTTGAACCC,4496,4516,+,0.04054445028305054,0.55,NA
CAGGAGAATCGCTTGAACCC,23813,23833,+,0.04054445028305054,0.55,NA
CAGGAGAATCGCTTGAACCC,21365,21385,+,0.04054445028305054,0.55,NA
GAGAATTGCTTGGACCTGGG,6638,6658,+,0.04051319509744644,0.55,NA
GTGTTATCTCCTAGGTTGGC,13242,13262,-,0.04048467054963112,0.5,NA
CAAAGACAATGGCTCCTGGT,14134,14154,-,0.04048093780875206,0.5,NA
TCCCAAGTTGCTTCAACTAC,15069,15089,+,0.04046446084976196,0.45,NA
GCAGGAGAATGGCTTGAACC,10496,10516,+,0.04034455865621567,0.55,NA
TGTAATCTCATCTTCTTGGG,20834,20854,+,0.040303416550159454,0.4,NA
CAAGACCAGCCTAGCCAACA,16026,16046,+,0.04026930406689644,0.55,NA
ACACTTTGGAGGCCAAGGTG,22702,22722,-,0.040209561586380005,0.55,NA
TGTAATCCCAGCACTTTGGG,5934,5954,+,0.040130577981472015,0.5,NA
TGTAATCCCAGCACTTTGGG,8353,8373,+,0.040130577981472015,0.5,NA
TGTAATCCCAGCACTTTGGG,12910,12930,+,0.040130577981472015,0.5,NA
CTGCAATGAGTGTGGGCTGG,19219,19239,+,0.040064528584480286,0.6,NA
GAATCGCTTGAACCAGGAGG,16138,16158,+,0.03989780694246292,0.55,NA
GCCTGACCAATATGGAGAAA,8417,8437,-,0.039863236248493195,0.45,NA
GGAGGCAGAGGTTGCAGTGA,2007,2027,-,0.03980745002627373,0.6,NA
GGAGGCAGAGGTTGCAGTGA,4353,4373,-,0.03980745002627373,0.6,NA
TCCCATCACACCCTCAGCAT,11757,11777,-,0.039727773517370224,0.55,NA
TTGACTGAATAGATCCCTGA,7710,7730,+,0.039692409336566925,0.4,NA
CCAAAGAAGAAACCACTGGA,13970,13990,+,0.03967169672250748,0.45,NA
AGAATTACAGCTGGGCGCGG,20669,20689,+,0.039666805416345596,0.6,NA
GTTCTGGTAAGGACAAGGGT,11159,11179,+,0.03951512649655342,0.5,NA
GCCAGTTACTCAGGAGGCTG,3699,3719,+,0.03948608785867691,0.6,NA
TCCAAACCCAGGGACGAGTG,17140,17160,+,0.03941721469163895,0.6,NA
CGGTTCCTCTTACTTGGCAG,963,983,+,0.039362143725156784,0.55,NA
TGAGGCAGGCAGATCACTTG,4062,4082,+,0.039323341101408005,0.55,NA
AGATCCTGCCATTGCACTCC,20908,20928,-,0.03929914906620979,0.55,NA
AAATTAATCAGGCGCATTGG,8924,8944,+,0.03921256959438324,0.4,NA
CTGTTAAGATTCTGGTCAGG,7395,7415,-,0.03913981094956398,0.45,NA
TCTCTGCTCTCTTTAAACGT,3462,3482,+,0.03909514844417572,0.4,NA
TGTTGGCCAAGCTGGTCTCG,24191,24211,-,0.03908700868487358,0.6,NA
GGAGGAGGTTGCAGTAAGCG,8141,8161,-,0.03905826434493065,0.6,NA
TCAGAAAGTGGCAGGATACC,19509,19529,-,0.03904707729816437,0.5,NA
TCAGAAAGTGGCAGGATACC,19509,19529,+,0.03904707729816437,0.5,NA
TGTAATCCCAGCACTTCGGG,6749,6769,+,0.03903932124376297,0.55,NA
TCTCACTATGTTGCCCAGGC,3323,3343,+,0.039032574743032455,0.55,NA
TTCTGGTTAGAGTGGATGTT,24353,24373,+,0.03902384266257286,0.4,NA
AGAGTTTGAGTCCAGCCTGA,16317,16337,-,0.03899582847952843,0.5,NA
TTGGGCCTGTGTTATCTCCT,13234,13254,+,0.03899258375167847,0.5,NA
AACATCTGTCCCTACCCAGC,20182,20202,+,0.03892574831843376,0.55,NA
ATGGTTGTGCCACAGCCTTC,2465,2485,+,0.03888186067342758,0.55,NA
CCGAGAGCTGAATGAGGCCT,16860,16880,+,0.038871023803949356,0.6,NA
GCTACCACGCCCAGCTAATT,15288,15308,-,0.038774218410253525,0.55,NA
CCCAGCTACTTGGGAGGCTT,6075,6095,+,0.03874439373612404,0.6,NA
TCTTCTTGGGAGGCTGAGGC,20844,20864,+,0.03874320536851883,0.6,NA
CAGGCAGATCACTTGAGGTC,4067,4087,+,0.03872650861740112,0.55,NA
GTGCAACAGAGTGAGACTCT,25743,25763,-,0.03870827332139015,0.5,NA
GGCTGGTCTCTAGCCTACTT,14938,14958,-,0.03863620385527611,0.55,NA
ACGCTACCATGGCGTGAGAC,1137,1157,+,0.038593243807554245,0.6,NA
CAGCTCATCAACCAGGCTGA,19994,20014,+,0.03858453780412674,0.55,NA
ACCTCACAGAGTGCATTGTG,18349,18369,-,0.03858034312725067,0.5,NA
ACCTCACAGAGTGCATTGTG,18349,18369,+,0.03858034312725067,0.5,NA
TCTCAGCTCACTGCAGCCTT,15504,15524,-,0.03857763111591339,0.55,NA
TTGCACTCTAGCCTGGGCAA,21422,21442,-,0.03856711834669113,0.55,NA
CAAGACCAGCCTGACCAACA,8013,8033,+,0.03842409700155258,0.55,NA
AGGTGGGAGGATCCCTTGAG,23555,23575,-,0.0384051576256752,0.6,NA
GCAAGGTATGGGAGTTATTA,2446,2466,+,0.03840302303433418,0.4,NA
TGTTAGCCAGGATGGTCTCG,21940,21960,-,0.03822687268257141,0.55,NA
GCCACAGCCTTCCGGACATT,2473,2493,+,0.038135282695293427,0.6,NA
GTTCCTCTTACTTGGCAGAG,965,985,-,0.03808434307575226,0.5,NA
GTAATTCCAGCGCTTGGGAG,23653,23673,-,0.038010984659194946,0.55,NA
GGCTAGCCTCGAACTCCTGA,22352,22372,-,0.0379655621945858,0.6,NA
TCCTGGCTAACGGTGAAACC,12972,12992,-,0.03795430064201355,0.55,NA
GAAGCTCAGTCCCTGTCCTT,20220,20240,-,0.03793759644031525,0.55,NA
TTGGCTTCCTGTCAGTGTTT,11652,11672,-,0.037807218730449677,0.45,NA
CCATCTGCTCCATCAGAAAG,19497,19517,+,0.03773824870586395,0.5,NA
TACTTGCATTAATGGAGTGG,7738,7758,+,0.03767699375748634,0.4,NA
GCTTCTGTCTCCTACAGCCA,17839,17859,-,0.037653788924217224,0.55,NA
GCACCACCATGCCTGGCTAA,15095,15115,-,0.037573277950286865,0.6,NA
TTGGGCAGCTGGTTAGGTAG,18495,18515,+,0.037515997886657715,0.55,NA
GAAACGTTTCATCACGTCTC,1706,1726,-,0.0374298058450222,0.45,NA
GAGTTTCAGGTCATATACTC,17253,17273,-,0.03737019747495651,0.4,NA
ACACTCCAACTAGCAAGGTA,2434,2454,+,0.03721170499920845,0.45,NA
CTGTACCCTAGCTTGGGCAA,9211,9231,-,0.03701918572187424,0.55,NA
GCCTGGCCAACATGGTGAAA,9368,9388,-,0.03697393089532852,0.55,NA
GATTCAAGCGATTCTCTTGC,24083,24103,-,0.036869488656520844,0.45,NA
CGTCTGGGCTTCTTGCATTC,11505,11525,+,0.03679259121417999,0.55,NA
GGGTTTGTAATGCAGGGCTG,10104,10124,+,0.036709513515233994,0.55,NA
TGTAATGCCAGCACTTTGGG,5055,5075,+,0.036618202924728394,0.5,NA
CTGCATTTCTCTTGGCTCCC,7473,7493,+,0.03654654696583748,0.55,NA
CCACCACGCCTGGCTAATTT,21888,21908,-,0.0364774614572525,0.55,NA
TACTTCTTTGCACATCCACC,452,472,+,0.03639218583703041,0.45,NA
GTGGCTTCTCCTCCACCTAC,13559,13579,-,0.03633467108011246,0.6,NA
TTGCACTCCAGCCTAGGCGA,6318,6338,-,0.03622867166996002,0.6,NA
TGTTCCCTCTCCCTGTTGGT,18452,18472,+,0.03611058369278908,0.55,NA
GGTGGTGGAGATGGGTGTTA,19923,19943,-,0.036082446575164795,0.55,NA
AATCATTTGAATCCGGGAGG,8126,8146,+,0.036028794944286346,0.45,NA
CACAGAGTGCATTGTGAGGG,18353,18373,-,0.036017246544361115,0.55,NA
CCCTGCTTCTGTCTCCTACA,17835,17855,-,0.035986557602882385,0.55,NA
AAATCAGCCAGGCGTGGTGA,6578,6598,+,0.035936202853918076,0.55,NA
TCTCATTGGGTCCCAGCCCT,17046,17066,-,0.03593102842569351,0.6,NA
AAATTAGCCGGGCGTAGTGG,6041,6061,+,0.03583255037665367,0.55,NA
CTGCGGGCTGCATGACAACA,19293,19313,+,0.03579475358128548,0.6,NA
CGCCTATAGTCCCAGCTACT,5191,5211,+,0.03576087951660156,0.55,NA
CGTCCAGCTGGAAGGGTCAA,18990,19010,-,0.035750649869441986,0.6,NA
GCCCTTAGGAAGTGTATATG,9823,9843,-,0.035741791129112244,0.45,NA
GCCACTTTGTGCCGTACTTA,1552,1572,-,0.03568728268146515,0.5,NA
AGCCTGGCACATTTGTATCC,7516,7536,+,0.035681478679180145,0.5,NA
GAGAATTGCTTGAACCCGGG,20866,20886,+,0.03528208285570145,0.55,NA
CAAGGTGGGTGGATCACCTG,22715,22735,+,0.03512538969516754,0.6,NA
GGCCAACATGGTGAAACCCT,9372,9392,-,0.035094596445560455,0.55,NA
GGTGAACCTTAGTACCTAAA,18568,18588,+,0.03506062924861908,0.4,NA
GGCTGGATTACAGTGATGTG,14775,14795,-,0.035000063478946686,0.5,NA
GGCTAACACGGTGAAACCCT,5543,5563,-,0.03494023531675339,0.55,NA
TCTCGCTTTGTTGCCCAGGC,18729,18749,+,0.03491991013288498,0.6,NA
AAAGTTGAACGCCTAGGCAG,392,412,+,0.03488180786371231,0.5,NA
TTGCCCAGGCTGGAGTACAG,24026,24046,+,0.03481425344944,0.6,NA
AGATTGCGCCACTGCACTCC,3767,3787,-,0.034727565944194794,0.6,NA
AGCTTGGGCAACAAAGCAAG,9220,9240,-,0.03453198820352554,0.5,NA
TTTCAGGACAGCACCTCCTG,7685,7705,-,0.034525591880083084,0.55,NA
CTGTACTCCAGCCTGGGCAA,8173,8193,-,0.03447335213422775,0.6,NA
CCTCCTAGCAAACTAGGGAA,4929,4949,+,0.03440570831298828,0.5,NA
CAGGAGAATCACTTGAACCC,6262,6282,+,0.03437507525086403,0.5,NA
GGAGGCAGAGATTGCAGTGA,24829,24849,-,0.03437354415655136,0.55,NA
TCCTGACCTCAAGACCACCT,20078,20098,-,0.03436765819787979,0.55,NA
CAGAATTGCTTGAACCCGGG,4335,4355,+,0.03435242921113968,0.55,NA
ACACTGGAAGACTCCAGGTC,13349,13369,+,0.03429264575242996,0.55,NA
GGAGTCCGAGGCTGTAGTGA,9176,9196,-,0.03425974398851395,0.6,NA
TCCTCCACCCTTTCAATCCC,20538,20558,-,0.034194499254226685,0.55,NA
GTTATTGTTTGGCTCCACAT,837,857,-,0.03414076939225197,0.4,NA
TGCTGCCACCTGTGTGTCTG,19118,19138,+,0.03406067565083504,0.6,NA
TTTCACCATGTTGGCCAAGC,24183,24203,+,0.034049779176712036,0.5,NA
TGTAGTTCCAGCTACTCTGG,25394,25414,+,0.03404606878757477,0.5,NA
TCACTCAGGCTAGAGTGCAG,15476,15496,+,0.03398649021983147,0.55,NA
CCACACCCAGCTAACTATTT,3282,3302,-,0.033954132348299026,0.45,NA
GATGAAGCTCCCAGAATGCC,11358,11378,-,0.03394535928964615,0.55,NA
TCATGGTCAAAGGCAGCTGA,17021,17041,-,0.033941760659217834,0.5,NA
ATTCCCGTTGTCCCAGCCTT,17746,17766,+,0.03387186676263809,0.55,NA
GAGTGCTGGGATTACAATTG,18960,18980,-,0.03386439383029938,0.45,NA
GTTACTTGAGAGGCTAAGGC,16277,16297,-,0.03379776328802109,0.5,NA
GTTACTTGAGAGGCTAAGGC,16277,16297,+,0.03379776328802109,0.5,NA
CTTCCTGGAGCGATCTTTCC,683,703,+,0.03379122540354729,0.55,NA
TTAAGGTCAAGAGCTGGGCC,22653,22673,+,0.03378576785326004,0.55,NA
GGAGGATTTCATCTCTTGTA,18615,18635,-,0.03374721109867096,0.4,NA
GCTACTGGGAAGGCTGAGAC,22837,22857,-,0.03373139351606369,0.6,NA
GCTACTGGGAAGGCTGAGAC,22837,22857,+,0.03373139351606369,0.6,NA
TGCTTGTTCCCTCTCCCTGT,18448,18468,+,0.03364555537700653,0.55,NA
GGAGGCAGAAGTTGCACTGA,4517,4537,-,0.03362739086151123,0.55,NA
GGCAGGAGGATCTCTTAACC,25672,25692,+,0.033533625304698944,0.55,NA
GGTGACCCAGGGTTGGAAGT,10870,10890,-,0.03339429199695587,0.6,NA
GCTGCTTATTTGACCTCCCT,12776,12796,-,0.03333450108766556,0.5,NA
GCCTGGGCAACAGAGTGAGA,4562,4582,-,0.03323148190975189,0.6,NA
GAGAATGGCGTGAACCTGGG,13078,13098,+,0.03295688331127167,0.6,NA
GATAAATAGGCCAGTCGCGG,4007,4027,+,0.03289046883583069,0.55,NA
GCGTGGCCAACGTGGTGAAT,1888,1908,-,0.032857201993465424,0.6,NA
CAGTTTCTTCCCATGCACCT,1521,1541,-,0.032853320240974426,0.5,NA
GCAGGAGAATTGCTTGAACC,20862,20882,+,0.03284868597984314,0.5,NA
AGATGGGTGTTAGGGTCCAG,19931,19951,+,0.03272438049316406,0.55,NA
AGGAGGTGTACTTGCATTAA,7730,7750,+,0.032716453075408936,0.4,NA
GGGTGCTACTGGATGGAGAG,19553,19573,+,0.0327068492770195,0.6,NA
TGAACGCCAGTGCAGGCTAC,19143,19163,+,0.032658256590366364,0.6,NA
TTACTCAGGCTGGAGTGCAG,21775,21795,+,0.032621387392282486,0.55,NA
ACCTATAGTCCCAGCCACTT,12008,12028,+,0.032602131366729736,0.5,NA
CCTTGAGGGTGCTTGTTCCC,18439,18459,-,0.032592177391052246,0.6,NA
GGGTGAGTGGGATGGAAGCT,291,311,+,0.03258556127548218,0.6,NA
GGAGTTTCAGATCAGCCTGG,21691,21711,-,0.03253035247325897,0.55,NA
CCCAAAGTGCTGGGATTACA,15394,15414,-,0.032484669238328934,0.5,NA
CCCAAAGTGCTGGGATTACA,3387,3407,-,0.032484669238328934,0.5,NA
CTTTGGGACCTCTTAACCTG,13540,13560,+,0.032470304518938065,0.5,NA
GTAATGCCAGTTACTCAGGA,3694,3714,-,0.03244895488023758,0.45,NA
GCCTGGCCAACGTGGTGAAA,23713,23733,-,0.03239244967699051,0.6,NA
TAGGGAGGAGAGTCGGGTTG,19751,19771,+,0.03233034163713455,0.6,NA
AGCACATGACGGAGGTTGTG,12434,12454,+,0.03218847140669823,0.55,NA
GGCAGGTGGATCACAAGGTC,9333,9353,+,0.032168105244636536,0.6,NA
GCCTTCCTGACCTCAAGACC,20074,20094,-,0.032151829451322556,0.6,NA
CCCATGTGCTCAAGACTGGC,18,38,-,0.03211646154522896,0.6,NA
AGAGTCTCACTCTGTCACCC,14427,14447,+,0.03199560195207596,0.55,NA
GGCTAGCCAAGGAACCACCA,9980,10000,-,0.03197494149208069,0.6,NA
CCATCTTGATTTGAATTCCC,17732,17752,-,0.03190873563289642,0.4,NA
AGCAGAGACCTGTGGGAAGC,11083,11103,-,0.0318462997674942,0.6,NA
CCGTCAAACTCAGTTTCCTT,17308,17328,-,0.03183756023645401,0.45,NA
TGGCCTCCCAAAGTGCTGTG,22393,22413,-,0.03159449249505997,0.6,NA
TACTAACCAGGGAAGCTGTC,18266,18286,-,0.031577710062265396,0.5,NA
CCCAAAGTGCTGTGATTACA,22399,22419,-,0.03155847266316414,0.45,NA
AGGATCCCAGACAGCTATGA,20046,20066,-,0.03155656158924103,0.5,NA
TCCTCAGCATCTTATCCGAG,12585,12605,+,0.031535159796476364,0.5,NA
TGGGACTGACTTTCTGCTCT,11113,11133,-,0.031477753072977066,0.5,NA
GTGCTATGAGAATGCAAATG,9894,9914,+,0.03145246207714081,0.4,NA
CTTCACCGTACTAACCAGGG,18258,18278,-,0.031385645270347595,0.55,NA
GGGCTGCATGACAACAAGGG,19297,19317,+,0.03137286752462387,0.6,NA
CTCAAAGAGCCCAGGCCTTA,21181,21201,-,0.03135377913713455,0.55,NA
GCCTTCATGGTCAAAGGCAG,17017,17037,-,0.03135376796126366,0.55,NA
GAGGTTGCAGGGAGCCAAGA,16160,16180,+,0.031344447284936905,0.6,NA
GCATTTCTCTTGGCTCCCTG,7475,7495,-,0.03121885657310486,0.55,NA
GAAGGAGGTGTACTTGCATT,7728,7748,-,0.031072743237018585,0.45,NA
ACAGGAGAATTGCTTGAACC,22855,22875,+,0.031028445810079575,0.45,NA
TTGCCCAGGCTAGAGTACAA,3177,3197,+,0.030946120619773865,0.5,NA
GGGCTCCACTGAACAAGTTG,18080,18100,-,0.03089035674929619,0.55,NA
AGGGTGCAGTTATGCCTCAG,13882,13902,-,0.030882149934768677,0.55,NA
CCCGAGTAGCTGGGACTACA,21860,21880,-,0.03077103942632675,0.6,NA
TCCAGCTACTCTGGAGGCTG,25400,25420,+,0.030602075159549713,0.6,NA
AATTGCTTGAATCCGAAAGG,23383,23403,+,0.030595572665333748,0.4,NA
GGAGTTCAAGACCAGCCTGG,11924,11944,-,0.030577227473258972,0.6,NA
TTCCGGACCTTTGTCCTTCC,668,688,+,0.030438341200351715,0.55,NA
AAATGGAGCCGTGTATCAGG,10203,10223,+,0.03030654415488243,0.5,NA
TTGGTACCTTACCCTGTGCC,21107,21127,+,0.03021836280822754,0.55,NA
TGCTAAGGTCCCACAACTTC,651,671,+,0.030136536806821823,0.5,NA
GGCCATTTGGAAGGCCTAGT,7494,7514,-,0.030131779611110687,0.55,NA
CATTGGGAGGCTAAAGCAGG,21654,21674,+,0.029914923012256622,0.55,NA
ACATGGTGACACCCTGTCTC,24717,24737,-,0.029914412647485733,0.55,NA
AACCTAGGCGGACGCTACCA,1126,1146,+,0.029913321137428284,0.6,NA
CCCTCCCATGTGCTCAAGAC,14,34,+,0.029827062040567398,0.6,NA
TCTCACTCTGTCACCCAGGC,14431,14451,+,0.029824428260326385,0.6,NA
TACTACTACCCATCCACCTC,13461,13481,-,0.02975396439433098,0.5,NA
ACTGGGACGGAACAGCTTTG,13718,13738,+,0.02968280017375946,0.55,NA
TGAGACCAGCCTGACCAACA,4094,4114,+,0.029510486871004105,0.55,NA
GAAGTGAGAAGTGCTAAACC,759,779,+,0.029460445046424866,0.45,NA
GGCTAGTCTCGAACTCCTGA,14630,14650,-,0.029456056654453278,0.55,NA
CGGTTCTTCCTGGTAGGAGG,1441,1461,+,0.029417920857667923,0.6,NA
CTCAAGCTTTCATCCCATCT,3361,3381,+,0.02917056530714035,0.45,NA
TACCCTGTGCCAGGAGCTGT,21116,21136,-,0.029007911682128906,0.6,NA
AGTAGCTAGGACTACAGGCA,15558,15578,-,0.0289645716547966,0.5,NA
GCAGCCCTGTTATTGTTTGG,829,849,-,0.02893277257680893,0.5,NA
CTTGGTGAACCTTAGTACCT,18565,18585,-,0.028932638466358185,0.45,NA
AGCCAAGTCTGTGACTTGCA,11531,11551,+,0.028905317187309265,0.5,NA
AGGCAGAAGTTGCACTGAGC,4519,4539,+,0.028889089822769165,0.55,NA
TGAACCTGGGAAGCGGAGGT,3735,3755,-,0.028722116723656654,0.6,NA
CAGGTTCATGCCACCATGGC,18839,18859,-,0.028589554131031036,0.6,NA
GTAGTTCCAGCTACTCTGGA,25395,25415,-,0.028583578765392303,0.5,NA
TCAGGAGTTCAACACCAGCC,5981,6001,+,0.028569169342517853,0.55,NA
GAATTAGCTGGGTGTAGTGG,6852,6872,+,0.02848484367132187,0.5,NA
GCCATTAAAGGAGCTGTTTG,8272,8292,-,0.028437912464141846,0.45,NA
TCACAACGTTGATACCATAC,5397,5417,+,0.028377749025821686,0.4,NA
GGGAGTTGTCAAGTCTCTGC,18516,18536,+,0.028277484700083733,0.55,NA
TCCTCACCATCATCACACTG,13335,13355,-,0.028208695352077484,0.5,NA
CCATGTTCCTGGCTAGCCAA,9970,9990,-,0.028092220425605774,0.55,NA
ACTGAAAGTGAGAAACAGCA,15856,15876,+,0.028035324066877365,0.4,NA
CATAACTTCGTGCAAGATGC,9648,9668,+,0.02802140638232231,0.45,NA
GAGAATCGCTTGAACCTGGG,8519,8539,+,0.02798861265182495,0.55,NA
GGTCAAGTTTGAGATCAGCC,24691,24711,+,0.027908165007829666,0.5,NA
AGGCAGGAGAATTGCTTCAG,23002,23022,-,0.027834497392177582,0.5,NA
AGATGCTACTTGACTTACGA,14278,14298,+,0.02783358097076416,0.4,NA
AGGTGGGCAGATCACGAGGT,4200,4220,-,0.02756420150399208,0.6,NA
TCTTGCTCTGTTGCCCAGGC,14758,14778,+,0.027563102543354034,0.6,NA
GCCTGGGCGATAGAGTGAGA,16198,16218,-,0.027561038732528687,0.6,NA
GTGCAGCTGTGGGTTGATTC,12361,12381,-,0.02750162035226822,0.55,NA
TTGTTGAGCTCTTACTGTGT,7861,7881,-,0.02737339586019516,0.4,NA
TTCCGAAATGATCATTTGGG,610,630,-,0.027131155133247375,0.4,NA
GCCCAGGCAACAGAGAAAGA,23579,23599,-,0.026960249990224838,0.55,NA
GAGAATTGCTTGAACCTGGG,22859,22879,+,0.026875674724578857,0.5,NA
TTTCACCATGTTGGCCAGGC,15332,15352,+,0.026615429669618607,0.55,NA
CTCTTGGCTCCCTGGCCATT,7481,7501,+,0.026414036750793457,0.6,NA
GGTGACACGCTTCCCTGGAT,147,167,+,0.026205889880657196,0.6,NA
TACCATGGCGTGAGACAGGG,1141,1161,+,0.026026666164398193,0.6,NA
TGAGGGTGCTTGTTCCCTCT,18442,18462,-,0.02602630853652954,0.55,NA
GCCTTAGGCCCTTCAAAGCA,17761,17781,-,0.02602522447705269,0.55,NA
CATTGTGTGTGTGTGTGAGT,25148,25168,+,0.02586766704916954,0.45,NA
TCTCACTATGTTGCCCAGGC,14921,14941,+,0.02582867443561554,0.55,NA
GGCTCCAGAAAGGACAAGGG,13595,13615,+,0.025815777480602264,0.6,NA
GAGAATGGCTTGAACCCGGA,10500,10520,+,0.02580944448709488,0.55,NA
GCACTTTGGGAGGCCAAGGT,23539,23559,-,0.02579212188720703,0.6,NA
CCCTGGCGACAAAGTGAGAC,25489,25509,-,0.02569207176566124,0.6,NA
AAGAGAATGGGCAGGTGAGC,10135,10155,-,0.02567027509212494,0.55,NA
GTATTTGCCTTGTCCTGTTT,2822,2842,+,0.025560222566127777,0.4,NA
AAATTAGCTGGGCATGGTGG,4439,4459,+,0.02554018795490265,0.5,NA
ACCTGTAATCTTGGCACTTT,10331,10351,+,0.025530733168125153,0.4,NA
GACAAAGATGGTGAAACCTC,5855,5875,-,0.02547921985387802,0.45,NA
TCCAGTGGGTGCTACTGTCC,19946,19966,+,0.0253743976354599,0.6,NA
GCACTTTAGGAGGCCAAGGG,7967,7987,-,0.02527957782149315,0.6,NA
TCTTCCAGTTGCTTTATCTG,12242,12262,-,0.02522299438714981,0.4,NA
GAAGCTTTGCAGTGAAAGGA,10176,10196,-,0.025183260440826416,0.45,NA
CAGCATCTTATCCGAGTGGA,12589,12609,+,0.025171663612127304,0.5,NA
CAGCATCTTATCCGAGTGGA,12589,12609,-,0.025171663612127304,0.5,NA
AGATTGTCCCATTGCACTCC,6307,6327,-,0.02504117041826248,0.5,NA
GGGTTCAAGTGATTCTCCTG,15232,15252,-,0.02500658482313156,0.5,NA
AGTTTGAGACCAACCTAACA,6801,6821,+,0.02499728463590145,0.4,NA
ATTGCCTTCCCACCCAGCCA,7446,7466,+,0.02499067410826683,0.6,NA
CCCTTTCAATCCCAACCTTT,20545,20565,-,0.024976231157779694,0.45,NA
CCCAAAGTGCTGGGATTACA,14675,14695,-,0.024946041405200958,0.5,NA
GAGGTCTGGTTTGCAACTGG,12685,12705,-,0.02490358054637909,0.55,NA
AAGTGTGCAGAAGGCAAGCC,1169,1189,+,0.024869337677955627,0.55,NA
CATGGCTTCAGTCTAAACTT,21238,21258,-,0.02468685805797577,0.4,NA
GGAGAATCGCTTGAACCAGG,16135,16155,+,0.02458631992340088,0.55,NA
TCAGTCTCACTCTGTCGCCC,15162,15182,+,0.024541251361370087,0.6,NA
GGAGTGTCACTCTGTCACCC,22183,22203,+,0.024462983012199402,0.6,NA
CCAGGATTTCAAGACCAGCC,4746,4766,+,0.02445196360349655,0.55,NA
AGGGTTTCACCATGTTGGCC,15328,15348,+,0.024448148906230927,0.55,NA
CTGCTCTCTTTAAACGTTGG,3465,3485,+,0.024344950914382935,0.45,NA
TGGGTCTCGCTTTGTTGCCC,18725,18745,+,0.02414631098508835,0.6,NA
GGTCCAGATGAAGCTCCCAG,11352,11372,-,0.024104245007038116,0.6,NA
CTTAGTTATGGCCTTTGCAA,1026,1046,+,0.024041075259447098,0.4,NA
AAATTAGCTGGGCATGGTGG,22799,22819,+,0.024014465510845184,0.5,NA
AGCCGAGCTGTCTCAGACAC,10808,10828,+,0.023949645459651947,0.6,NA
GGAGGTGGAGGTTGCAATGA,25444,25464,-,0.02390177547931671,0.55,NA
GGCCTGTAATCCCAGCTACT,9436,9456,+,0.02386227250099182,0.55,NA
CTTGTTGAAATAGGCTTCCT,3044,3064,-,0.023851584643125534,0.4,NA
CATGTGTAACAGTTCCTGCA,13291,13311,+,0.02384495735168457,0.45,NA
AGTTGCTTCAACTACAGGCC,15074,15094,-,0.023773498833179474,0.5,NA
CCTCTGTTGCTGCAGATCCG,16816,16836,+,0.023705586791038513,0.6,NA
CCTCTGTTGCTGCAGATCCG,16816,16836,-,0.023705586791038513,0.6,NA
CTTTGTTGCCCAGGCTGGAG,18734,18754,+,0.023555871099233627,0.6,NA
TGTCACTCTGTCACCCAGGC,22187,22207,+,0.02352866530418396,0.6,NA
TTCTAGGCCCTGGAAACCTA,21135,21155,+,0.02348395437002182,0.5,NA
TTCCTTGCCTCTTTCCTAGC,13919,13939,-,0.02332232892513275,0.5,NA
GATCACTTGAGGCCAGGAGA,12046,12066,+,0.02328653633594513,0.55,NA
AGGTTGGAAAGCCATAGGAT,16983,17003,-,0.023241546005010605,0.45,NA
GGCATGGTGGTGCACACCTA,11993,12013,-,0.023219607770442963,0.6,NA
TGTAATCCCAGCTACCTACT,17500,17520,+,0.023064572364091873,0.45,NA
CAGGAGAATGGCGTGAACTC,5640,5660,+,0.023004800081253052,0.55,NA
GGATCTCTTAACCAGGGAGG,25679,25699,+,0.02294318750500679,0.55,NA
AGCTGTCTCAGACACTGGCA,10813,10833,+,0.02283025160431862,0.55,NA
AGCTGTCTCAGACACTGGCA,10813,10833,-,0.02283025160431862,0.55,NA
AAAGAAGTGCATGGCTGGTG,10704,10724,+,0.02279273048043251,0.5,NA
TGGGATTCCTCTTCACCCTT,11633,11653,+,0.022708281874656677,0.5,NA
GAAGAGAATGGGCAGGTGAG,10134,10154,+,0.022679366171360016,0.55,NA
CTGGAGCTTAGGCTCCAGAA,13585,13605,+,0.022640563547611237,0.55,NA
CAGTCAGATCCTAGCGTCGA,10964,10984,-,0.022637702524662018,0.55,NA
CATCCTCACCATCATCACAC,13333,13353,+,0.022613443434238434,0.5,NA
CTTACTTGGCAGAGGGAGGC,971,991,-,0.022598184645175934,0.6,NA
CCTGAGTAGTGGTAATCTAC,13700,13720,+,0.022481486201286316,0.45,NA
AATCCCTTGAACCTGGGAAG,3728,3748,+,0.02208397351205349,0.5,NA
GCAGGATACCTGGGTTCCCA,19519,19539,+,0.022015735507011414,0.6,NA
AGAGTCTCACTCTGTCACTC,15462,15482,+,0.021997500211000443,0.5,NA
GGCTGGTCTCAAACTGCTGG,3340,3360,-,0.02194293588399887,0.6,NA
CCAGAAAGGACAAGGGTGGT,13599,13619,+,0.021914072334766388,0.55,NA
GGTACAGTGGCTCATGCCTG,5916,5936,-,0.021787412464618683,0.6,NA
CCATTTCAGGACAGCACCTC,7682,7702,-,0.02171657234430313,0.55,NA
AGTGGAAGGAAATTTGCGTG,12603,12623,-,0.02164974808692932,0.45,NA
AGTGGAAGGAAATTTGCGTG,12603,12623,+,0.02164974808692932,0.45,NA
GGATGGTCTCGATCTCCTGA,21949,21969,-,0.02158258482813835,0.55,NA
GTGTACTTGCATTAATGGAG,7735,7755,+,0.02157134935259819,0.4,NA
GCAGGAGAGTTGCTTGAACC,25422,25442,+,0.02156153693795204,0.55,NA
AGAAGCGGTGGAGGAGACCA,13862,13882,+,0.021380111575126648,0.6,NA
TGCACCAGCAGCTCCTACAC,11402,11422,+,0.021335892379283905,0.6,NA
CGGGAGGAGGTTGCAGTAAG,8139,8159,+,0.02115996554493904,0.6,NA
GGAGGTGGAGGTTGCAGTGA,20884,20904,-,0.021137814968824387,0.6,NA
GTGCGTGTTTGTGCCTGTCC,13740,13760,+,0.021057024598121643,0.6,NA
GCACTTTGGTACGCTGAGGC,3569,3589,+,0.020953338593244553,0.6,NA
AGCCGGTTCTTCCTGGTAGG,1438,1458,-,0.020847894251346588,0.6,NA
AGCCGGTTCTTCCTGGTAGG,1438,1458,+,0.020847894251346588,0.6,NA
CGCCATGGCCATCTACAAGC,12408,12428,-,0.020777627825737,0.6,NA
TGAGGCAGGAGGATCATCTG,24670,24690,+,0.020741313695907593,0.55,NA
ACCTTGTGATCTGCCTGCCT,14649,14669,+,0.02070223167538643,0.55,NA
GCCTGTAGTCCCAGCTACTC,6230,6250,+,0.02064511924982071,0.6,NA
AGGCAGGTGGATCACAAGGT,9332,9352,-,0.02063833922147751,0.55,NA
TGTAATCCCAACACTGTGGG,20700,20720,+,0.020600467920303345,0.5,NA
TCTTGGGACCTCTTATCAAG,14020,14040,+,0.020515553653240204,0.45,NA
GCCTGTGCAACAGAGTGAGA,25739,25759,-,0.02042452245950699,0.55,NA
CGCCTATAATCCCAGCACTT,5783,5803,+,0.020372040569782257,0.5,NA
GCCTGGGCAACAAGAGTGAA,6701,6721,-,0.020364589989185333,0.55,NA
GCCTGGGCAACAAGAGTGAA,17599,17619,-,0.020364589989185333,0.55,NA
GGGCGACAAGAACGAAACTC,2056,2076,-,0.0202421136200428,0.55,NA
AATAGCTAGGACTACAAGCG,15265,15285,-,0.020240511745214462,0.45,NA
TCAGGAGTTCGAAACCAGCC,8863,8883,+,0.020146138966083527,0.55,NA
TTGAGAATTACAGCTGGGCG,20666,20686,+,0.02009812369942665,0.5,NA
GCCTGGGCAATAAGAGCTGA,8183,8203,-,0.019988276064395905,0.55,NA
CCTGTGCCAGGAGCTGTTCT,21119,21139,+,0.01998637616634369,0.6,NA
GAGAATCGCTTGAACCTGGG,6101,6121,+,0.019985929131507874,0.55,NA
GGAGTGCAGTGGCATGATCT,15187,15207,+,0.019910715520381927,0.55,NA
GCGAGTGGATCACCTGAGGT,17394,17414,+,0.019864091649651527,0.6,NA
CATTAAAGGAGCTGTTTGGT,8274,8294,+,0.01959323137998581,0.4,NA
ATAGGAGTTCCAGACCAGCG,1871,1891,+,0.019553780555725098,0.55,NA
CACATTTATTGAGCCCAAGC,9741,9761,+,0.01939483731985092,0.45,NA
GACTTAAAGTCTGCACGGGA,9938,9958,+,0.019268088042736053,0.5,NA
CAGTGATGCCTCAAAGACAA,14123,14143,+,0.019244559109210968,0.45,NA
GAGATGAGGTTTCACCATGT,14604,14624,+,0.01920045167207718,0.45,NA
GGATCACCTGAGGTCAGGAG,22725,22745,+,0.01914641261100769,0.6,NA
TGCTTGAATCCGAAAGGCGG,23386,23406,+,0.018946994096040726,0.55,NA
CTTTGTGCCGTACTTACGTC,1556,1576,-,0.018555406481027603,0.5,NA
GGCCTTATCCTAATGAGATC,21194,21214,-,0.018543250858783722,0.45,NA
ATTGAGCCCAAGCAGGTGCA,9748,9768,+,0.018497034907341003,0.55,NA
CCTCTGAGTCAGGAAACATT,10988,11008,-,0.018409695476293564,0.45,NA
TGAGGAGTGTCCGAAGAGAA,10122,10142,+,0.018367543816566467,0.5,NA
GTCAGACTGGTCTTTACTGG,4777,4797,+,0.018023021519184113,0.5,NA
CCGTCTCTCTCTCTCTCTTT,25510,25530,+,0.017840567976236343,0.5,NA
GGCCAACATGCAAAGCCCTG,10402,10422,-,0.017707332968711853,0.6,NA
TCACTGCAACCTCTGCCTCC,15211,15231,+,0.017693109810352325,0.6,NA
AGACTGCACCACTGCACTCC,9514,9534,-,0.017631258815526962,0.6,NA
TGTGGTCCCAGCTACTTGGG,9127,9147,+,0.01760779693722725,0.6,NA
CTGTAATCCCAACACTTTGG,22691,22711,+,0.01754211261868477,0.45,NA
CAGATCCGCACTAACAATCA,7775,7795,-,0.017530102282762527,0.45,NA
CTGTTGCTGCAGATCCGTGG,16819,16839,-,0.017519451677799225,0.6,NA
GGGAAGCTGTCCCTCACTGT,18275,18295,-,0.0175059512257576,0.6,NA
ACCTCCTAGCAAACTAGGGA,4928,4948,-,0.01750512793660164,0.5,NA
TCTCACAGTGTTGCCCAGGC,18892,18912,+,0.017488285899162292,0.6,NA
CCAGGCTGGTCTCAAACTGC,3337,3357,+,0.017437174916267395,0.6,NA
ACAAGAGATTGAAACCATCC,23259,23279,+,0.01736007258296013,0.4,NA
CACCTGTAGTCCCAGCTACT,13042,13062,+,0.017192013561725616,0.55,NA
CCCAGTTACTTGAGAGGCTA,16273,16293,+,0.017041712999343872,0.5,NA
CCTGGGCAACATAGTCAGAC,4764,4784,+,0.0170367993414402,0.55,NA
TTAGGCCGGTTCCTCTTACT,957,977,-,0.016881458461284637,0.5,NA
TTAGGCCGGTTCCTCTTACT,957,977,+,0.016881458461284637,0.5,NA
AGCCTGTAATTCCAGCTACT,24775,24795,+,0.016860544681549072,0.45,NA
AATCAGCCAGGCATGGTGGC,9413,9433,+,0.016788184642791748,0.6,NA
TGCCTGTAATCCCAGCTATT,1953,1973,+,0.016638178378343582,0.45,NA
CTGTGCTCCAGCCTGAGTGA,12096,12116,-,0.016485504806041718,0.6,NA
GCCACTTAGGAGGCTGAGGT,12021,12041,-,0.016477733850479126,0.6,NA
GGTTGGGAGTAGATGGAGCC,13616,13636,+,0.01633165031671524,0.6,NA
CGCCTGTAATCCCAGCTACT,10464,10484,+,0.016246430575847626,0.55,NA
CCTTAGGCCCTTCAAAGCAT,17762,17782,+,0.01619362086057663,0.5,NA
CATCATAGGAGTTGCATTGT,324,344,+,0.01616068184375763,0.4,NA
TTCTGACTCTGCCAAACCCT,20620,20640,-,0.01603107899427414,0.5,NA
GGGCCCACCTCTTACCGATT,13434,13454,-,0.015967167913913727,0.6,NA
CAATCAGCCACATTCTAGGT,18229,18249,+,0.01573953777551651,0.45,NA
GCCTGTAATCCCAGCACTTT,7954,7974,+,0.015668805688619614,0.5,NA
GTCTGACAACCTCTTGGTGA,18553,18573,-,0.015397846698760986,0.5,NA
AGGCAGGTGGATCACCTGAG,25536,25556,-,0.015168420970439911,0.6,NA
GAGGATCGCTTGAATCTGGG,8984,9004,+,0.015053927898406982,0.55,NA
GCCTGGGCAACAGAGTGAGA,3788,3808,-,0.015051428228616714,0.6,NA
AGTGGATCCATTGGAAGGGC,11029,11049,+,0.015046477317810059,0.55,NA
TGGGCAGATCACCTGAGGTC,5816,5836,+,0.014876063913106918,0.6,NA
GCCTCAGCCTCTTGAATACC,24101,24121,+,0.014655068516731262,0.55,NA
ACTTGAGAGGCTAAGGCAGG,16280,16300,+,0.014418099075555801,0.55,NA
AGATCGCACCATTGCACTCC,8561,8581,-,0.014394842088222504,0.55,NA
CCTCTGTGGTCCCAGCTACT,9123,9143,+,0.014366354793310165,0.6,NA
GCCAAAGAAGAAACCACTGG,13969,13989,-,0.01434703916311264,0.5,NA
GGGCTCAATCAATCCTTCCA,15659,15679,-,0.014277052134275436,0.5,NA
GAGAGTTGCTTGAACCCGGG,25426,25446,+,0.014199290424585342,0.6,NA
CTGTAATTCCAGCGCTTGGG,23651,23671,+,0.013805042952299118,0.55,NA
CTTGGGATAGGGAGGAGAGT,19744,19764,+,0.013757385313510895,0.55,NA
GGATGATTTGATGCTGTCCC,11297,11317,+,0.013733189553022385,0.5,NA
AGCCTCGAACTCCTGACCTC,22356,22376,+,0.01371026411652565,0.6,NA
CACCTGTAATCCCAGCTACT,21332,21352,+,0.013701099902391434,0.5,NA
CCTCTGCCTCCCAAAGCACT,24236,24256,-,0.013610243797302246,0.6,NA
GGTGTGGTGGCACATGCTTG,8073,8093,-,0.013234376907348633,0.6,NA
TGTAATCCCAGCACTTTGGG,16398,16418,+,0.013204596936702728,0.5,NA
CAAGACCAGCCTGACCAATA,8409,8429,+,0.013077899813652039,0.5,NA
TGGGAATAGGGTGCACATTT,10622,10642,+,0.012875530868768692,0.45,NA
AACCAACCTCCTAGCAAACT,4923,4943,+,0.012839928269386292,0.45,NA
CCAGGAGTTTCAGATCAGCC,21688,21708,+,0.012742996215820312,0.55,NA
CGCCTGTAATCCCAGCATTT,15966,15986,+,0.0125056691467762,0.5,NA
ACCTGAGTCTGCAATGAGTG,19211,19231,+,0.01226314902305603,0.5,NA
AGGGTTTCACCGTGTTAGCC,21928,21948,+,0.012131830677390099,0.55,NA
GCCAAGGGCACCTGCATTTC,7462,7482,-,0.01207735389471054,0.6,NA
CTGCCATTAAAGGAGCTGTT,8270,8290,+,0.01200694590806961,0.45,NA
TGCCTGTAATCCCAGCACTT,8349,8369,+,0.011905208230018616,0.5,NA
ACCTCTAATCCCAGCTACTC,6603,6623,+,0.01176048070192337,0.5,NA
GGTTCATGCCATTCTCCTGC,21832,21852,-,0.011735878884792328,0.55,NA
AATCGCTTGAACCCAGGAGG,23819,23839,+,0.011621367186307907,0.55,NA
GAGGTTTCACCATGTTGGCC,14609,14629,+,0.011620763689279556,0.55,NA
GAACTCAAGGATGCCCAGGC,16882,16902,+,0.011375792324543,0.6,NA
GAGGTGTAGACGCCAACTCT,12164,12184,-,0.011216538026928902,0.55,NA
CGCTTGAATCTGGGAGGTGG,8990,9010,+,0.011194374412298203,0.6,NA
GTAGTGGTAATCTACTGGGA,13705,13725,+,0.011170405894517899,0.45,NA
TTTGAACCCTTGCTTGCAAT,18015,18035,+,0.011071525514125824,0.4,NA
GGAGTGGAGTGGCGTGATCT,18750,18770,+,0.011059671640396118,0.6,NA
CCAAGTGGGATTGAGACTTT,7655,7675,-,0.010885309427976608,0.45,NA
TGAGGTGGGAAGATCACTTG,12035,12055,+,0.010782800614833832,0.5,NA
GCCTGTAGTCCTAGCTATTC,23345,23365,+,0.010620653629302979,0.5,NA
TGTGATCCCAGCACTTTGGG,23529,23549,+,0.010360393673181534,0.55,NA
TGGTGGTGGAGATGGGTGTT,19922,19942,+,0.01028624176979065,0.55,NA
GACCTTGTGATCTGCCTGCC,14648,14668,-,0.010226540267467499,0.6,NA
CTTGGGTTGTGGTGAAACAT,10742,10762,+,0.010187476873397827,0.45,NA
TCTTGCTCTGTCACCCAGGC,14971,14991,+,0.010116487741470337,0.6,NA
GAGTAGCTGGGACCACAGGT,18824,18844,-,0.009852029383182526,0.6,NA
GAAAGGACAAGGGTGGTTGG,13602,13622,-,0.009802412241697311,0.55,NA
GAGTCTGCAATGAGTGTGGG,19215,19235,-,0.00977955013513565,0.55,NA
CGCCTGTAATCCCAGCTACT,25641,25661,-,0.009667843580245972,0.55,NA
CGGCTGGCACAAGGTTCTCT,19373,19393,-,0.00912502408027649,0.6,NA
CGCCTGTAGTCCCAGCTACT,5607,5627,+,0.008979972451925278,0.6,NA
CACCTGAAATCCCAGCTACT,4463,4483,+,0.008646897971630096,0.5,NA
GACTTTCAACTCTGTCTCCT,12276,12296,-,0.00831160880625248,0.45,NA
AGATTGCGCCATTGCACTCT,21411,21431,-,0.008246954530477524,0.5,NA
GCCTGGGCAACAACAGTGAA,20929,20949,-,0.008142068982124329,0.55,NA
TCACTGCAACCTCCGCCTTC,14476,14496,+,0.007245093584060669,0.6,NA
GGATTGGGTAAGCTCCTGAC,163,183,-,0.007244236767292023,0.55,NA
GCTGAGGCAGGAGAATTGCT,6628,6648,+,0.007104270160198212,0.55,NA
CTGTGGTCCCAGCTACTTGG,9126,9146,-,0.007060889154672623,0.6,NA
CAAGACCAGCCTGACCAATG,4228,4248,+,0.0069778189063072205,0.55,NA
TGGCTTCTCCTCCACCTACC,13560,13580,+,0.0067666321992874146,0.6,NA
ACCAACCTCCTAGCAAACTA,4924,4944,-,0.006577055901288986,0.45,NA
GGTCTCAAACTCCTGGGCTC,18913,18933,+,0.006484970450401306,0.6,NA
CTCAGGTGATTCGCCCACCT,22373,22393,+,0.006419919431209564,0.6,NA
CCAGCCTGTCAGCTCATCAA,19985,20005,-,0.006372362375259399,0.55,NA
CCAGGAGTTCAAGACCAGCC,11921,11941,+,0.006225168704986572,0.6,NA
ACATAGCGAAATCCCATCTC,25582,25602,-,0.0060441941022872925,0.45,NA
CAGGTGATTCGCCCACCTTG,22375,22395,-,0.006038233637809753,0.6,NA
GCGGATCACTTGAGGTCAGG,20732,20752,-,0.0058227404952049255,0.6,NA
CCTGAGTCTGCAATGAGTGT,19212,19232,-,0.005693882703781128,0.5,NA
TAAGGAGTTCGAGACCAGCC,10381,10401,+,0.005652688443660736,0.55,NA
GGGTTGGAAGTGTCTCATGC,10879,10899,+,0.005628481507301331,0.55,NA
GGGTTGGAAGTGTCTCATGC,10879,10899,-,0.005628481507301331,0.55,NA
TGAGATCAGCCTGGCCAACA,24700,24720,+,0.005464661866426468,0.55,NA
TGAGCGCTGCTCAGATAGCG,12471,12491,-,0.005437768995761871,0.6,NA
AGGTGGGCAGATCACCTGAG,5813,5833,-,0.005299590528011322,0.6,NA
CCCATGTTCCTGGCTAGCCA,9969,9989,+,0.0048831552267074585,0.6,NA
GCCTTGGCCTCCTAAAGTAC,21984,22004,-,0.0047186799347400665,0.55,NA
GCCTTGGCCTCCTAAAGTAC,21984,22004,+,0.0047186799347400665,0.55,NA
CCGGCAGCCCTGTTATTGTT,826,846,+,0.004678778350353241,0.55,NA
ATGTGGTGAAACGCCATCTC,4245,4265,-,0.004649333655834198,0.5,NA
CGCCTCTAATCCCAGCACTT,25257,25277,+,0.004626385867595673,0.55,NA
AGTCTGTGACTTGCACGGTC,11536,11556,-,0.0046120211482048035,0.55,NA
CCTGGGCAACAGAGTGAGAC,16629,16649,-,0.004590883851051331,0.6,NA
GCCTGTAATCCCAGCTACTA,25642,25662,+,0.004487849771976471,0.5,NA
CTGTGAGTGGATCCATTGGA,11024,11044,+,0.004031315445899963,0.5,NA
AATTAACCGGGCGTGATGGC,16077,16097,+,0.003945402801036835,0.55,NA
GGAGACCTGGGTGTAGATGA,346,366,+,0.0037205182015895844,0.55,NA
GCCTGTAATCCCAGCTACTC,4303,4323,+,0.003388918936252594,0.55,NA
GCCTGTAATCCCAGCTACTC,4303,4323,-,0.003388918936252594,0.55,NA
AGTCTGCAATGAGTGTGGGC,19216,19236,+,0.003350988030433655,0.55,NA
GGAGACCAGCCTGACAAAGA,5843,5863,+,0.003033056855201721,0.55,NA
GGCTTGAACCCGGAAGGTAG,10506,10526,+,0.0030114278197288513,0.6,NA
GGGAGGCTGAGGAAGGAGAA,13063,13083,+,0.002667836844921112,0.6,NA
GTGATTTCACCCTCCCAAGT,15541,15561,-,0.002511177211999893,0.5,NA
ACTCTCAAAGAGGCCAAGGC,11884,11904,+,0.0024146176874637604,0.55,NA
TGGGTAGATCACCTGACGTC,16427,16447,+,0.002177201211452484,0.55,NA
GCCTGGGTGACAGAGTGAGA,5288,5308,-,0.0020542554557323456,0.6,NA
GGCCTCTGATTCCTCACTGA,12545,12565,-,0.001968011260032654,0.55,NA
TCCTAGGTTGGAAAGCCATA,16979,16999,-,0.0016288422048091888,0.45,NA
GCTGAACGTCGTGAAGCGGA,1366,1386,+,0.0015109702944755554,0.6,NA
ACTTTGGAGGCCAAGGTGGG,22704,22724,+,0.0012695863842964172,0.6,NA
TGCCTGTAATCCCAGCTACT,8483,8503,+,0.0008295364677906036,0.5,NA
TTTGTGAGCTGATAGATTGC,20642,20662,+,0.0006113052368164062,0.4,NA
TCAGGAGATCGAGACCATCC,5522,5542,+,0.0005671903491020203,0.55,NA
GCCTAGGTGACAGAGAGAGA,10563,10583,-,0.00046162307262420654,0.55,NA
CGCCTGTAATCCCAGCACTT,6745,6765,+,0.0003063604235649109,0.55,NA
CGGGCCGATCACCTGAAGTA,10363,10383,+,0.00023350119590759277,0.6,NA
GAGCTGGAGGGTCTCAAGGA,17198,17218,-,0.00015587732195854187,0.6,NA
GGCCCATATCTGTGAAATGC,18315,18335,+,0.00014773383736610413,0.5,NA
GAGGCCCATCCTCACCATCA,13327,13347,-,8.270889520645142e-05,0.6,NA
AATTGCTTGAACCCAGGAGG,6915,6935,+,-1.4707446098327637e-05,0.5,NA
GTAGCTCACACCTGTAATCT,10322,10342,+,-0.00014426559209823608,0.45,NA
CGCCTGTAGTCCCAGCTACT,16529,16549,+,-0.00026563555002212524,0.6,NA
TGCCTGTAATCCCAGCACTT,5930,5950,+,-0.0003744587302207947,0.5,NA
TGCCTGTAATCCCAGCACTT,12906,12926,+,-0.0003744587302207947,0.5,NA
TCCAAGTGGGATTGAGACTT,7654,7674,+,-0.0004200488328933716,0.45,NA
AGTTGCTTGAACCCGGGAGG,25429,25449,+,-0.0005263388156890869,0.6,NA
GGACTTCCATTTGCTTTGTC,18057,18077,-,-0.0007196441292762756,0.45,NA
GAAGAGAATCTCCGCAAGAA,13782,13802,+,-0.0007645934820175171,0.45,NA
GGGAGACTGAGGCAGGAGAA,10485,10505,+,-0.0009225085377693176,0.6,NA
CGGGCGGATTACTTGAGGAT,1853,1873,+,-0.0009810812771320343,0.55,NA
AGTAGCTGGGACTACAGGTA,22269,22289,-,-0.0011037662625312805,0.5,NA
GAGTAGTGGTAATCTACTGG,13703,13723,-,-0.0011866167187690735,0.45,NA
CCTTGGCCTCCCAAAGTGCT,22390,22410,-,-0.0013907328248023987,0.6,NA
GCTCTGCTACACTATATACT,21004,21024,-,-0.0014172866940498352,0.4,NA
TTTGTGTGTGTGCACGTGTG,20443,20463,-,-0.0016804337501525879,0.5,NA
TCAGGAGTTGGAAACCAGCC,16445,16465,+,-0.001975052058696747,0.55,NA
GGCTGGTCTCAAACTCCTGG,18909,18929,-,-0.0021865591406822205,0.6,NA
GCCTGGGTAACATGATGAAA,11938,11958,-,-0.0028048940002918243,0.45,NA
CTCTTGGAGCCAGTGCTTGA,19866,19886,+,-0.0029570870101451874,0.55,NA
GGCCTGTAATCCCAGCACTT,5473,5493,+,-0.0037160106003284454,0.55,NA
AATTGCTTGAACCCGGGAGG,20869,20889,+,-0.004014819860458374,0.55,NA
CACGAATCCCACACTCTGGG,17366,17386,+,-0.004033446311950684,0.6,NA
CCCATCACCCACTGCTCTCT,19850,19870,+,-0.0040608420968055725,0.6,NA
ACTGGATGGAGAGAGGCCAG,19560,19580,+,-0.00408153235912323,0.6,NA
TGTGGCTCACGCCTGCACTT,1820,1840,+,-0.004093188792467117,0.6,NA
AATCGCTTGAACCTGGGAGG,6104,6124,+,-0.004099886864423752,0.55,NA
CACCTGTAATCCCAGCTACT,23780,23800,+,-0.004469960927963257,0.5,NA
CCTTGCCGTCCCAAGCAATG,11278,11298,-,-0.0044897571206092834,0.6,NA
GCCTGGGCAACATAGTCAGA,4763,4783,-,-0.004620648920536041,0.55,NA
GGCTCACGAATCCCACACTC,17362,17382,+,-0.0046852752566337585,0.6,NA
AGTGGGTGCTACTGTCCAGG,19949,19969,+,-0.004688329994678497,0.6,NA
AGGCGAGTGGATCACCTGAG,17392,17412,-,-0.005556829273700714,0.6,NA
CCCGGTTCAAGTGATTCTCC,22234,22254,-,-0.005560770630836487,0.55,NA
TGCCTGTAATCCCAGCTACT,16100,16120,+,-0.005773760378360748,0.5,NA
CCTCAGCCTCCCGAATAGCT,15252,15272,+,-0.005811717361211777,0.6,NA
TTTCACCGTGTTAGCCAGGA,21932,21952,+,-0.005970373749732971,0.5,NA
TGCCTGTGATCCCAGCACTT,23525,23545,+,-0.006347086280584335,0.55,NA
ACGCCTGTAATTCCAGCGCT,23647,23667,+,-0.006695806980133057,0.55,NA
GCACTTTGGGAGGTGGAGGT,16408,16428,-,-0.00682319700717926,0.6,NA
TGCTTGAACCCAGGAGGTGG,6918,6938,+,-0.0076280757784843445,0.6,NA
GCCATAGCCTCCCAAGTAGC,22255,22275,+,-0.007759597152471542,0.6,NA
GCCATAGCCTCCCAAGTAGC,22255,22275,-,-0.007759597152471542,0.6,NA
GCCTGTAATCCCAGCTACTC,8949,8969,+,-0.008592583239078522,0.55,NA
CACCTGTAATCCCAACACTT,22688,22708,+,-0.009060163050889969,0.45,NA
TGGGAGCGTGCTTTCCACGA,126,146,+,-0.009077385067939758,0.6,NA
GCCTGGCCAACATGCAAAGC,10398,10418,-,-0.009167596697807312,0.6,NA
AATTGCTTGAACCTGGGAGG,22862,22882,+,-0.009445041418075562,0.5,NA
TACCTGTAATCTCAGCACTT,3555,3575,+,-0.010060679167509079,0.4,NA
TCTCTGGTATCTTTCCTGTA,2999,3019,+,-0.010497825220227242,0.4,NA
CGCCTGTAATGCCAGCACTT,5051,5071,+,-0.011045392602682114,0.55,NA
TGATTGCACCACTGTACCCT,9200,9220,-,-0.011438429355621338,0.5,NA
GGGTTGGTAGTTTCTACAGT,18476,18496,+,-0.011519409716129303,0.45,NA
TCAGGAGTTCGAGACCAGCC,23696,23716,+,-0.011634167283773422,0.6,NA
AGACGGGTGGATCACGAGGT,5503,5523,-,-0.011723659932613373,0.6,NA
GATCGCTTGAATCTGGGAGG,8987,9007,+,-0.012442730367183685,0.55,NA
AGAGTTGAACACCTCGTCAA,23026,23046,-,-0.012698311358690262,0.45,NA
CGCCTGTAATCCCAACACTG,20696,20716,+,-0.013172954320907593,0.55,NA
ACGTGTGTTCACCTACGACG,20456,20476,+,-0.013914734125137329,0.55,NA
GGAGGATCTCTTAACCAGGG,25676,25696,+,-0.014114364981651306,0.55,NA
CAGGTGGATCACCTGAGGTC,25539,25559,+,-0.015045195817947388,0.6,NA
CACCTGTAATCCCAGCACTT,16394,16414,+,-0.015384182333946228,0.5,NA
CACCTGTAATCCCAGCACTT,24642,24662,+,-0.015384182333946228,0.5,NA
CACCTGTAATCCCAGCACTT,8812,8832,+,-0.015384182333946228,0.5,NA
AGATTGCACCATTGCACTCC,6143,6163,-,-0.015486225485801697,0.5,NA
CGCCTGTAATCCCAGCTACT,6065,6085,+,-0.015901170670986176,0.55,NA
CCCACTTCACCGTACTAACC,18254,18274,+,-0.01662769913673401,0.55,NA
CGCCTGTAATCCCAGCTACT,6876,6896,+,-0.017482668161392212,0.55,NA
GCCTGTGTTATCTCCTAGGT,13238,13258,+,-0.01760058104991913,0.5,NA
TCTTGCTACGTTGCCCATGC,15624,15644,+,-0.01836036890745163,0.55,NA
GCCTGTCAGCTCATCAACCA,19988,20008,-,-0.02018880844116211,0.55,NA
GCCTAAAGCGTACTTCTTTG,442,462,-,-0.020388469099998474,0.45,NA
AGATTGCACCATTGCACTCC,16607,16627,-,-0.021258022636175156,0.5,NA
GGCTGGTCTCGAACTTCTGA,15349,15369,-,-0.02129342034459114,0.55,NA
AGGTGGGTGGATCACCTGAG,5960,5980,-,-0.022241495549678802,0.6,NA
CTGTGCTCCAGCCTAGGTGA,10553,10573,-,-0.022287551313638687,0.6,NA
CGCCTGTAATCTCATCTTCT,20830,20850,+,-0.022354885935783386,0.45,NA
CTCCGTGATGCCTACCAAGT,1663,1683,-,-0.023158811032772064,0.55,NA
CAGTCGGAGTTCCACTAGCA,4984,5004,-,-0.023648329079151154,0.55,NA
TGGGTGGATCACCTGAGGTC,5963,5983,+,-0.025702960789203644,0.6,NA
TCAGGAGTTCCACACCAGCC,9351,9371,+,-0.02663753554224968,0.6,NA
GCCTGGGTGACAGAGCAAGA,23443,23463,-,-0.027401268482208252,0.6,NA
CGCCTGTAATCCCAGCACTT,23210,23230,+,-0.027604006230831146,0.55,NA
CGCCTGTAATCCCAGCACTT,4170,4190,+,-0.027604006230831146,0.55,NA
CGCCTGTAATCCCAGCACTT,4034,4054,+,-0.027604006230831146,0.55,NA
TGGGTGGATCACCTGAGGTC,22720,22740,+,-0.02801649644970894,0.6,NA
GCTGGAAGGGTCAACATCTT,18996,19016,-,-0.02946590632200241,0.5,NA
GCCTGAGTGACAGAGCAAGA,12106,12126,-,-0.029771439731121063,0.55,NA
AGGTGGGTGGATCACCTGAG,22717,22737,-,-0.029911905527114868,0.6,NA
GGTGGCTCCATTCATAACTC,19321,19341,+,-0.031038202345371246,0.5,NA
TTGGGAGATCGAGACCATCC,12955,12975,+,-0.032979898154735565,0.55,NA
